"","Plot_ID","Species","Seedlings_2015","Saplings_2015","X","X.1","X.2","X.3","X.4","Seedlings_2025","Saplings_2025","Crew","Date","QC","X1"
"1","A1","QUVE",3,NA,NA,NA,NA,NA,NA,1,NA,"Emily, Lilly","7/7/2025","",9
"2","A1","DIVI",2,NA,NA,NA,NA,NA,NA,NA,NA,NA,NA,NA,NA
"3","A1","CAGL",2,NA,NA,NA,NA,NA,NA,6,NA,"Emily, Lilly","7/7/2025","KF",2
"4","A1","NYSY",5,NA,NA,NA,NA,NA,NA,5,NA,"Emily, Lilly","7/7/2025","",3
"5","A1","QURU",2,NA,NA,NA,NA,NA,NA,2,NA,"Emily, Lilly","7/7/2025","",7
"6","A1","CATO",1,NA,NA,NA,NA,NA,NA,NA,NA,NA,NA,NA,NA
"7","A2","FRCA",1,NA,NA,NA,NA,NA,NA,NA,NA,NA,NA,NA,NA
"8","A2","CAGL",2,NA,NA,NA,NA,NA,NA,6,NA,"Emily, Lilly","7/7/2025","",17
"9","A2","QUAL",15,NA,NA,NA,NA,NA,NA,5,NA,"Emily, Lilly","7/7/2025","",19
"10","A3","CATO",4,NA,NA,NA,NA,NA,NA,4,NA,"Emily, Lilly","7/7/2025","",25
"11","A3","QURU",1,NA,NA,NA,NA,NA,NA,NA,NA,NA,NA,NA,NA
"12","A3","CAGL",6,NA,NA,NA,NA,NA,NA,7,1,"Emily, Lilly","7/7/2025","",27
"13","A3","QUAL",12,NA,NA,NA,NA,NA,NA,22,NA,"Emily, Lilly","7/7/2025","",24
"14","A3","CAAM",1,NA,NA,NA,NA,NA,NA,NA,NA,NA,NA,NA,NA
"15","A3","VAAR",NA,1,NA,NA,NA,NA,NA,NA,1,"Emily, Lilly","7/7/2025","",26
"16","A4","QURU",3,NA,NA,NA,NA,NA,NA,NA,NA,NA,NA,NA,NA
"17","A4","QUAL",1,NA,NA,NA,NA,NA,NA,3,NA,"Emily, Lilly","7/7/2025","",34
"18","A4","CATO",9,NA,NA,NA,NA,NA,NA,10,NA,"Emily, Lilly","7/7/2025","",32
"19","A4","QUVE",2,NA,NA,NA,NA,NA,NA,2,NA,"Emily, Lilly","7/7/2025","",31
"20","A4","NYSY",2,NA,NA,NA,NA,NA,NA,1,NA,"Emily, Lilly","7/7/2025","",36
"21","A4","CAGL",4,NA,NA,NA,NA,NA,NA,3,NA,"Emily, Lilly","7/7/2025","",29
"22","A5","CATO",7,NA,NA,NA,NA,NA,NA,7,NA,"Emily, Lilly","7/7/2025","",37
"23","A5","CEOC",1,NA,NA,NA,NA,NA,NA,NA,NA,NA,NA,NA,NA
"24","A5","FRCA",1,NA,NA,NA,NA,NA,NA,NA,NA,NA,NA,NA,NA
"25","A5","QUAL",2,NA,NA,NA,NA,NA,NA,2,NA,"Emily, Lilly","7/7/2025","",41
"26","A5","CAFL",2,NA,NA,NA,NA,NA,NA,NA,NA,NA,NA,NA,NA
"27","A5","QUST",3,NA,NA,NA,NA,NA,NA,NA,NA,NA,NA,NA,NA
"28","A6","QUVE",4,NA,NA,NA,NA,NA,NA,2,NA,"Emily, Lilly","7/7/2025","",47
"29","A6","CATO",1,NA,NA,NA,NA,NA,NA,1,NA,"Emily, Lilly","7/7/2025","",43
"30","A6","QUST",1,NA,NA,NA,NA,NA,NA,NA,NA,NA,NA,NA,NA
"31","A6","NYSY",1,NA,NA,NA,NA,NA,NA,1,NA,"Emily, Lilly","7/7/2025","",45
"32","A6","QUAL",2,NA,NA,NA,NA,NA,NA,NA,NA,NA,NA,NA,NA
"33","A6","AEPA",1,NA,NA,NA,NA,NA,NA,6,NA,"Emily, Lilly","7/7/2025","",46
"34","A7","DIVI",2,NA,NA,NA,NA,NA,NA,NA,NA,NA,NA,NA,NA
"35","A7","CAGL",1,NA,NA,NA,NA,NA,NA,1,NA,"Emily, Lilly","7/7/2025","",53
"36","A7","QUAL",6,NA,NA,NA,NA,NA,NA,7,NA,"Emily, Lilly","7/7/2025","",49
"37","A7","QURU",2,NA,NA,NA,NA,NA,NA,NA,NA,NA,NA,NA,NA
"38","A8","AEPA",2,NA,NA,NA,NA,NA,NA,1,NA,"Emily, Lilly","7/7/2025","",61
"39","A8","QUAL",10,NA,NA,NA,NA,NA,NA,10,NA,"Emily, Lilly","7/7/2025","",56
"40","A8","CAGL",4,NA,NA,NA,NA,NA,NA,4,NA,"Emily, Lilly","7/7/2025","",57
"41","A8","QURU",3,NA,NA,NA,NA,NA,NA,NA,NA,NA,NA,NA,NA
"42","A8","QUVE",3,NA,NA,NA,NA,NA,NA,7,NA,"Emily, Lilly","7/7/2025","",55
"43","A8","DIVI",3,NA,NA,NA,NA,NA,NA,NA,NA,NA,NA,NA,NA
"44","A8","CATO",1,NA,NA,NA,NA,NA,NA,1,NA,"Emily, Lilly","7/7/2025","",59
"45","A9","QUAL",7,1,NA,NA,NA,NA,NA,7,2,"Emily, Lilly","7/7/2025","",62
"46","A9","DIVI",1,2,NA,NA,NA,NA,NA,NA,NA,NA,NA,NA,NA
"47","A9","Cratagus spp.",NA,1,NA,NA,NA,NA,NA,NA,NA,NA,NA,NA,NA
"48","A9","CAGL",5,NA,NA,NA,NA,NA,NA,3,NA,"Emily, Lilly","7/7/2025","",63
"49","A10","QUAL",9,NA,NA,NA,NA,NA,NA,18,NA,"Emily, Lilly","7/7/2025","",11
"50","A10","FRPE",1,NA,NA,NA,NA,NA,NA,NA,NA,NA,NA,NA,NA
"51","A10","CAGL",2,NA,NA,NA,NA,NA,NA,4,NA,"Emily, Lilly","7/7/2025","",10
"52","A10","VAAR",1,1,NA,NA,NA,NA,NA,1,1,"Emily, Lilly","7/7/2025","",14
"53","B1","QUAL",3,NA,NA,NA,NA,NA,NA,3,NA,"Emily, Lilly","6/19/2025","",73
"54","B1","CAAM",1,NA,NA,NA,NA,NA,NA,NA,NA,NA,NA,NA,NA
"55","B1","CAGL",1,NA,NA,NA,NA,NA,NA,8,NA,"Emily, Lilly","6/19/2025","",67
"56","B1","NYSY",3,1,NA,NA,NA,NA,NA,NA,1,"Emily, Lilly","6/19/2025","",75
"57","B1","DIVI",1,NA,NA,NA,NA,NA,NA,NA,NA,NA,NA,NA,NA
"58","B1","FRCA",7,NA,NA,NA,NA,NA,NA,NA,NA,NA,NA,NA,NA
"59","B1","TIAM",2,1,NA,NA,NA,NA,NA,2,NA,"Emily, Lilly","6/19/2025","",74
"60","B2","FRCA",1,3,NA,NA,NA,NA,NA,NA,NA,NA,NA,NA,NA
"61","B2","CAGL",2,NA,NA,NA,NA,NA,NA,14,NA,"Lilly, Emily","6/19/2025","",84
"62","B2","QUAL",2,NA,NA,NA,NA,NA,NA,7,NA,"Lilly, Emily","6/19/2025","",85
"63","B2","QUVE",1,NA,NA,NA,NA,NA,NA,2,NA,"Lilly, Emily","6/19/2025","",86
"64","B2","QUVE",1,NA,NA,NA,NA,NA,NA,1,NA,"Lilly, Emily","6/19/2025","",88
"65","B2","DIVI",2,NA,NA,NA,NA,NA,NA,NA,NA,NA,NA,NA,NA
"66","B2","CAAM",1,1,NA,NA,NA,NA,NA,NA,NA,NA,NA,NA,NA
"67","B2","CEOC",1,NA,NA,NA,NA,NA,NA,1,NA,"Lilly, Emily","6/19/2025","",87
"68","B3","CATO",2,NA,NA,NA,NA,NA,NA,2,NA,"Lilly, Emily","6/19/2025","",92
"69","B3","QUAL",4,NA,NA,NA,NA,NA,NA,11,NA,"Lilly, Emily","6/19/2025","",95
"70","B3","CAGL",4,NA,NA,NA,NA,NA,NA,5,NA,"Lilly, Emily","6/19/2025","",91
"71","B3","CEOC",1,NA,NA,NA,NA,NA,NA,3,NA,"Lilly, Emily","6/19/2025","",96
"72","B3","FRCA",4,1,NA,NA,NA,NA,NA,NA,NA,NA,NA,NA,NA
"73","B3","NYSY",2,NA,NA,NA,NA,NA,NA,1,NA,"Lilly, Emily","6/19/2025","",93
"74","B4","CATO",11,NA,NA,NA,NA,NA,NA,8,NA,"Lilly, Emily","6/19/2025","",98
"75","B4","CAGL",2,NA,NA,NA,NA,NA,NA,3,NA,"Lilly, Emily","6/19/2025","",101
"76","B4","AEPA",1,NA,NA,NA,NA,NA,NA,1,NA,"Lilly, Emily","6/19/2025","",104
"77","B4","QUAL",1,NA,NA,NA,NA,NA,NA,2,NA,"Lilly, Emily","6/19/2025","",100
"78","B4","RHCA",3,1,NA,NA,NA,NA,NA,2,1,"Lilly, Emily","6/19/2025","",103
"79","B4","QUVE",1,NA,NA,NA,NA,NA,NA,NA,NA,NA,NA,NA,NA
"80","B5","CEOC",3,NA,NA,NA,NA,NA,NA,2,NA,"Lilly, Emily","6/19/2025","",110
"81","B5","FRCA",7,1,NA,NA,NA,NA,NA,NA,NA,NA,NA,NA,NA
"82","B5","NYSY",2,NA,NA,NA,NA,NA,NA,1,NA,"Lilly, Emily","6/19/2025","",109
"83","B5","CATO",3,NA,NA,NA,NA,NA,NA,3,NA,"Lilly, Emily","6/19/2025","",108
"84","B5","QUAL",2,NA,NA,NA,NA,NA,NA,1,NA,"Lilly, Emily","6/19/2025","",111
"85","B5","CAGL",1,NA,NA,NA,NA,NA,NA,1,NA,"Lilly, Emily","6/19/2025","",114
"86","B5","AEPA",1,NA,NA,NA,NA,NA,NA,NA,NA,NA,NA,NA,NA
"87","B5","QUST",1,NA,NA,NA,NA,NA,NA,NA,NA,NA,NA,NA,NA
"88","B6","CAFL",4,NA,NA,NA,NA,NA,NA,NA,NA,NA,NA,NA,NA
"89","B6","DIVI",1,NA,NA,NA,NA,NA,NA,NA,NA,NA,NA,NA,NA
"90","B6","QUVE",3,NA,NA,NA,NA,NA,NA,1,NA,"Lilly, Emily","6/19/2025","",122
"91","B6","CAGL",2,NA,NA,NA,NA,NA,NA,4,NA,"Lilly, Emily","6/19/2025","",115
"92","B6","ASTR",1,NA,NA,NA,NA,NA,NA,NA,NA,NA,NA,NA,NA
"93","B6","AEPA",1,NA,NA,NA,NA,NA,NA,2,NA,"Lilly, Emily","6/19/2025","",116
"94","B6","AEPA",1,NA,NA,NA,NA,NA,NA,1,NA,"Lilly, Emily","6/19/2025","",124
"95","B6","CEOC",1,NA,NA,NA,NA,NA,NA,2,NA,"Lilly, Emily","6/19/2025","",117
"96","B6","NYSY",3,NA,NA,NA,NA,NA,NA,1,NA,"Lilly, Emily","6/19/2025","",118
"97","B6","CAAM",3,NA,NA,NA,NA,NA,NA,NA,NA,NA,NA,NA,NA
"98","B7","PITA",1,NA,NA,NA,NA,NA,NA,NA,NA,NA,NA,NA,NA
"99","B7","QUAL",12,NA,NA,NA,NA,NA,NA,23,NA,"Lilly, Emily","6/19/2025","",127
"100","B7","QUVE",2,NA,NA,NA,NA,NA,NA,2,NA,"Lilly, Emily","6/19/2025","",128
"101","B7","CAGL",2,NA,NA,NA,NA,NA,NA,2,NA,"Lilly, Emily","6/19/2025","",132
"102","B7","CEOC",1,NA,NA,NA,NA,NA,NA,1,NA,"Lilly, Emily","6/19/2025","",129
"103","B7","QURU",1,NA,NA,NA,NA,NA,NA,1,NA,"Lilly, Emily","6/19/2025","",125
"104","B7","CATO",1,1,NA,NA,NA,NA,NA,1,NA,"Lilly, Emily","6/19/2025","",130
"105","B7","CAFL",1,NA,NA,NA,NA,NA,NA,NA,NA,NA,NA,NA,NA
"106","B7","RHCA",1,NA,NA,NA,NA,NA,NA,NA,NA,NA,NA,NA,NA
"107","B8","FRPE",1,NA,NA,NA,NA,NA,NA,2,NA,"Lilly, Emily","6/19/2025","",139
"108","B8","PRAL",1,NA,NA,NA,NA,NA,NA,NA,NA,NA,NA,NA,NA
"109","B8","CATO",2,NA,NA,NA,NA,NA,NA,1,NA,"Lilly, Emily","6/19/2025","",137
"110","B8","QUAL",9,NA,NA,NA,NA,NA,NA,29,NA,"Lilly, Emily","6/19/2025","",135
"111","B8","QURU",1,NA,NA,NA,NA,NA,NA,NA,NA,NA,NA,NA,NA
"112","B8","COFL",1,NA,NA,NA,NA,NA,NA,NA,NA,NA,NA,NA,NA
"113","B8","QUFA",1,NA,NA,NA,NA,NA,NA,1,NA,"Lilly, Emily","6/19/2025","",138
"114","B9","QUAL",10,NA,NA,NA,NA,NA,NA,13,NA,"Emily, Lucy","6/18/2025","",141
"115","B9","RHCA",2,NA,NA,NA,NA,NA,NA,3,1,"Emily, Lucy","6/18/2025","",142
"116","B9","CAGL",1,NA,NA,NA,NA,NA,NA,2,NA,"Emily, Lucy","6/18/2025","",147
"117","B9","NYSY",3,1,NA,NA,NA,NA,NA,1,NA,"Emily, Lucy","6/18/2025","",144
"118","B9","VAAR",NA,1,NA,NA,NA,NA,NA,4,NA,"Emily, Lucy","6/18/2025","",148
"119","B9","CAAM",3,1,NA,NA,NA,NA,NA,NA,NA,NA,NA,NA,NA
"120","B10","QUAL",14,NA,NA,NA,NA,NA,NA,22,NA,"Emily, Lucy","6/18/2025","",77
"121","B10","CAAM",1,NA,NA,NA,NA,NA,NA,NA,NA,NA,NA,NA,NA
"122","B10","CAGL",1,NA,NA,NA,NA,NA,NA,1,NA,"Emily, Lucy","6/18/2025","",79
"123","B10","CEOC",1,NA,NA,NA,NA,NA,NA,NA,NA,NA,NA,NA,NA
"124","C1","CEOC",1,NA,NA,NA,NA,NA,NA,1,NA,"Lilly, Emily","6/19/2025","",156
"125","C1","FRCA",9,NA,NA,NA,NA,NA,NA,NA,NA,NA,NA,NA,NA
"126","C1","CAGL",4,NA,NA,NA,NA,NA,NA,5,NA,"Lilly, Emily","6/19/2025","",153
"127","C1","NYSY",2,NA,NA,NA,NA,NA,NA,NA,NA,NA,NA,NA,NA
"128","C1","DIVI",1,NA,NA,NA,NA,NA,NA,NA,NA,NA,NA,NA,NA
"129","C1","CAFL",2,NA,NA,NA,NA,NA,NA,NA,NA,NA,NA,NA,NA
"130","C1","QUAL",1,NA,NA,NA,NA,NA,NA,2,NA,"Lilly, Emily","6/19/2025","",152
"131","C1","QURU",1,NA,NA,NA,NA,NA,NA,NA,NA,NA,NA,NA,NA
"132","C2","DIVI",NA,1,NA,NA,NA,NA,NA,NA,NA,NA,NA,NA,NA
"133","C2","CEOC",2,NA,NA,NA,NA,NA,NA,2,NA,"Emily, Lilly","6/19/2025","",168
"134","C2","CAGL",10,NA,NA,NA,NA,NA,NA,5,NA,"Emily, Lilly","6/19/2025","",166
"135","C2","QUAL",3,NA,NA,NA,NA,NA,NA,12,NA,"Lilly, Emily","6/19/2025","",165
"136","C2","FRCA",6,NA,NA,NA,NA,NA,NA,NA,NA,NA,NA,NA,NA
"137","C3","FRCA",19,1,NA,NA,NA,NA,NA,NA,NA,NA,NA,NA,NA
"138","C3","QUAL",10,NA,NA,NA,NA,NA,NA,10,NA,"Emily, Lilly","6/19/2025","",174
"139","C3","CAGL",4,NA,NA,NA,NA,NA,NA,7,NA,"Emily, Lilly","6/19/2025","",172
"140","C3","CEOC",1,NA,NA,NA,NA,NA,NA,1,NA,"Emily, Lilly","6/19/2025","",176
"141","C3","DIVI",1,NA,NA,NA,NA,NA,NA,NA,NA,NA,NA,NA,NA
"142","C4","CAGL",8,NA,NA,NA,NA,NA,NA,12,NA,"Emily, Lilly","6/27/2025","",179
"143","C4","CATO",1,NA,NA,NA,NA,NA,NA,2,NA,"Emily, Lilly","6/27/2025","",178
"144","C4","QUAL",19,NA,NA,NA,NA,NA,NA,12,NA,"Emily, Lilly","6/27/2025","",180
"145","C4","RHCA",8,NA,NA,NA,NA,NA,NA,0,2,"Emily, Lilly","6/27/2025","",182
"146","C4","QURU",1,NA,NA,NA,NA,NA,NA,NA,NA,NA,NA,NA,NA
"147","C5","QUAL",27,NA,NA,NA,NA,NA,NA,20,NA,"Emily, Lilly","6/27/2025","",183
"148","C5","CAGL",4,NA,NA,NA,NA,NA,NA,4,NA,"Emily, Lilly","6/27/2025","",185
"149","C5","RHCA",1,NA,NA,NA,NA,NA,NA,3,NA,"Emily, Lilly","6/27/2025","",187
"150","C5","ASTR",2,NA,NA,NA,NA,NA,NA,NA,NA,NA,NA,NA,NA
"151","C5","QUVE",1,NA,NA,NA,NA,NA,NA,NA,NA,NA,NA,NA,NA
"152","C5","CEOC",1,NA,NA,NA,NA,NA,NA,NA,NA,NA,NA,NA,NA
"153","C5","DIVI",2,NA,NA,NA,NA,NA,NA,NA,NA,NA,NA,NA,NA
"154","C6","QUAL",58,1,NA,NA,NA,NA,NA,47,1,"Emily, Lilly","6/27/2025","",190
"155","C6","CAGL",6,NA,NA,NA,NA,NA,NA,5,NA,"Emily, Lilly","6/27/2025","",192
"156","C6","RHCA",5,NA,NA,NA,NA,NA,NA,5,NA,"Emily, Lilly","6/27/2025","",193
"157","C6","FRPE",NA,1,NA,NA,NA,NA,NA,NA,NA,NA,NA,NA,NA
"158","C6","CEOC",1,NA,NA,NA,NA,NA,NA,NA,NA,NA,NA,NA,NA
"159","C6","CAAM",1,NA,NA,NA,NA,NA,NA,NA,NA,NA,NA,NA,NA
"160","C6","CAFL",2,NA,NA,NA,NA,NA,NA,NA,NA,NA,NA,NA,NA
"161","C7","CAGL",3,NA,NA,NA,NA,NA,NA,2,NA,"Emily, Lilly","6/27/2025","",199
"162","C7","QUAL",31,NA,NA,NA,NA,NA,NA,29,NA,"Emily, Lilly","6/27/2025","",198
"163","C7","NYSY",2,NA,NA,NA,NA,NA,NA,3,NA,"Emily, Lilly","6/27/2025","",197
"164","C7","DIVI",1,2,NA,NA,NA,NA,NA,NA,NA,NA,NA,NA,NA
"165","C7","CATO",1,NA,NA,NA,NA,NA,NA,1,NA,"Emily, Lilly","6/27/2025","",196
"166","C8","CAGL",2,NA,NA,NA,NA,NA,NA,2,NA,"Emily, Lilly","6/27/2025","",209
"167","C8","QURU",1,NA,NA,NA,NA,NA,NA,NA,NA,NA,NA,NA,NA
"168","C8","QUAL",2,NA,NA,NA,NA,NA,NA,7,NA,"Emily, Lilly","6/27/2025","",204
"169","C8","NYSY",2,NA,NA,NA,NA,NA,NA,2,NA,"Emily, Lilly","6/27/2025","",203
"170","C8","CATO",2,NA,NA,NA,NA,NA,NA,1,NA,"Emily, Lilly","6/27/2025","",213
"171","C8","QUVE",4,NA,NA,NA,NA,NA,NA,2,NA,"Emily, Lilly","6/27/2025","",208
"172","C8","RHCA",1,NA,NA,NA,NA,NA,NA,1,NA,"Emily, Lilly","6/27/2025","",212
"173","C9","QUAL",10,NA,NA,NA,NA,NA,NA,15,1,"Emily, Lilly","6/27/2025","",215
"174","C9","DIVI",1,NA,NA,NA,NA,NA,NA,NA,NA,NA,NA,NA,NA
"175","C9","CAGL",1,NA,NA,NA,NA,NA,NA,5,NA,"Emily, Lilly","6/27/2025","",217
"176","C9","CAGL",1,NA,NA,NA,NA,NA,NA,1,NA,"Emily, Lilly","6/27/2025","",220
"177","C9","CATO",1,NA,NA,NA,NA,NA,NA,NA,NA,NA,NA,NA,NA
"178","C9","NYSY",4,1,NA,NA,NA,NA,NA,12,NA,"Emily, Lilly","6/27/2025","",216
"179","C9","QUVE",2,NA,NA,NA,NA,NA,NA,1,NA,"Emily, Lilly","6/27/2025","",222
"180","C9","QURU",1,NA,NA,NA,NA,NA,NA,1,NA,"Emily, Lilly","6/27/2025","",219
"181","C9","RHCA",1,NA,NA,NA,NA,NA,NA,1,NA,"Emily, Lilly","6/27/2025","",218
"182","C9","Cratagus spp.",NA,1,NA,NA,NA,NA,NA,NA,NA,NA,NA,NA,NA
"183","C9","CEOC",1,NA,NA,NA,NA,NA,NA,NA,NA,NA,NA,NA,NA
"184","C10","ACRU",1,NA,NA,NA,NA,NA,NA,3,NA,"Lilly, Emily","6/19/2025","",160
"185","C10","QURU",1,NA,NA,NA,NA,NA,NA,NA,NA,NA,NA,NA,NA
"186","C10","QUAL",6,NA,NA,NA,NA,NA,NA,21,NA,"Lilly, Emily","6/19/2025","",162
"187","C10","NYSY",1,NA,NA,NA,NA,NA,NA,2,NA,"Lilly, Emily","6/19/2025","",163
"188","C10","CAFL",1,NA,NA,NA,NA,NA,NA,NA,NA,NA,NA,NA,NA
"189","C10","ASTR",1,NA,NA,NA,NA,NA,NA,NA,NA,NA,NA,NA,NA
"190","C10","CAGL",3,NA,NA,NA,NA,NA,NA,6,NA,"Lilly, Emily","6/19/2025","",161
"191","D1","DIVI",1,NA,NA,NA,NA,NA,NA,NA,NA,NA,NA,NA,NA
"192","D1","CAFL",2,NA,NA,NA,NA,NA,NA,NA,NA,NA,NA,NA,NA
"193","D1","QUVE",1,NA,NA,NA,NA,NA,NA,NA,NA,NA,NA,NA,NA
"194","D1","QUAL",5,NA,NA,NA,NA,NA,NA,5,NA,"","","",226
"195","D1","CEOC",10,NA,NA,NA,NA,NA,NA,9,NA,"","","",225
"196","D1","RHCA",1,NA,NA,NA,NA,NA,NA,NA,NA,NA,NA,NA,NA
"197","D1","CAGL",2,NA,NA,NA,NA,NA,NA,5,NA,"","","",227
"198","D1","CAAM",NA,1,NA,NA,NA,NA,NA,NA,NA,NA,NA,NA,NA
"199","D1","TIAM",1,NA,NA,NA,NA,NA,NA,NA,NA,NA,NA,NA,NA
"200","D2","ASTR",7,NA,NA,NA,NA,NA,NA,9,NA,"","","",237
"201","D2","OXAR",NA,3,NA,NA,NA,NA,NA,6,3,"","","",239
"202","D2","RHCA",5,NA,NA,NA,NA,NA,NA,15,NA,"","","",236
"203","D2","QUAL",3,NA,NA,NA,NA,NA,NA,NA,NA,NA,NA,NA,NA
"204","D2","DIVI",1,NA,NA,NA,NA,NA,NA,NA,NA,NA,NA,NA,NA
"205","D2","CAFL",3,NA,NA,NA,NA,NA,NA,NA,NA,NA,NA,NA,NA
"206","D2","NYSY",2,1,NA,NA,NA,NA,NA,NA,NA,NA,NA,NA,NA
"207","D2","CEOC",2,NA,NA,NA,NA,NA,NA,1,NA,"","","",238
"208","D2","CAGL",5,NA,NA,NA,NA,NA,NA,1,NA,"","","",240
"209","D2","QUVE",1,NA,NA,NA,NA,NA,NA,NA,NA,NA,NA,NA,NA
"210","D2","CAAM",1,NA,NA,NA,NA,NA,NA,NA,NA,NA,NA,NA,NA
"211","D3","RHCA",3,1,NA,NA,NA,NA,NA,2,NA,"","","",245
"212","D3","QUAL",13,1,NA,NA,NA,NA,NA,28,NA,"","","",243
"213","D3","QUFA",3,NA,NA,NA,NA,NA,NA,NA,NA,NA,NA,NA,NA
"214","D3","CATO",1,NA,NA,NA,NA,NA,NA,NA,NA,NA,NA,NA,NA
"215","D3","CEOC",3,NA,NA,NA,NA,NA,NA,2,NA,"","","",241
"216","D3","CAGL",7,NA,NA,NA,NA,NA,NA,16,NA,"","","",242
"217","D3","DIVI",1,NA,NA,NA,NA,NA,NA,NA,NA,NA,NA,NA,NA
"218","D4","QUAL",68,NA,NA,NA,NA,NA,NA,39,NA,"","","",248
"219","D4","QURU",1,NA,NA,NA,NA,NA,NA,1,NA,"","","",252
"220","D4","CAGL",7,NA,NA,NA,NA,NA,NA,7,NA,"","","",249
"221","D4","CEOC",1,NA,NA,NA,NA,NA,NA,NA,NA,NA,NA,NA,NA
"222","D4","CATO",1,NA,NA,NA,NA,NA,NA,1,NA,"","","",250
"223","D4","TIAM",2,NA,NA,NA,NA,NA,NA,NA,NA,NA,NA,NA,NA
"224","D5","QUAL",36,NA,NA,NA,NA,NA,NA,33,NA,"","","",254
"225","D5","ASTR",1,NA,NA,NA,NA,NA,NA,1,NA,"","","",253
"226","D5","CATO",2,NA,NA,NA,NA,NA,NA,2,NA,"","","",255
"227","D5","NYSY",1,NA,NA,NA,NA,NA,NA,1,NA,"","","",257
"228","D5","QURU",1,NA,NA,NA,NA,NA,NA,NA,NA,NA,NA,NA,NA
"229","D5","FRPE",1,NA,NA,NA,NA,NA,NA,NA,NA,NA,NA,NA,NA
"230","D6","QUAL",28,NA,NA,NA,NA,NA,NA,22,NA,"","","",259
"231","D6","CEOC",1,NA,NA,NA,NA,NA,NA,NA,NA,NA,NA,NA,NA
"232","D6","ACRU",1,NA,NA,NA,NA,NA,NA,NA,NA,NA,NA,NA,NA
"233","D6","CAGL",1,NA,NA,NA,NA,NA,NA,1,NA,"","","",260
"234","D6","CATO",1,NA,NA,NA,NA,NA,NA,1,NA,"","","",261
"235","D6","QURU",1,NA,NA,NA,NA,NA,NA,NA,NA,NA,NA,NA,NA
"236","D7","Cratagus spp.",NA,2,NA,NA,NA,NA,NA,NA,NA,NA,NA,NA,NA
"237","D7","QUAL",49,NA,NA,NA,NA,NA,NA,63,NA,"","","",266
"238","D7","CAFL",3,NA,NA,NA,NA,NA,NA,NA,NA,NA,NA,NA,NA
"239","D7","CATO",1,NA,NA,NA,NA,NA,NA,NA,NA,NA,NA,NA,NA
"240","D7","CAGL",2,NA,NA,NA,NA,NA,NA,1,NA,"","","",269
"241","D7","QUVE",1,NA,NA,NA,NA,NA,NA,1,NA,"","","",265
"242","D7","AEPA",1,NA,NA,NA,NA,NA,NA,2,NA,"","","",267
"243","D8","QUAL",15,NA,NA,NA,NA,NA,NA,11,NA,"Emily, Lilly","6/27/2025","",273
"244","D8","CEOC",5,NA,NA,NA,NA,NA,NA,3,NA,"Emily, Lilly","6/27/2025","",276
"245","D8","RHCA",3,NA,NA,NA,NA,NA,NA,2,NA,"Emily, Lilly","6/27/2025","",275
"246","D8","CAGL",2,NA,NA,NA,NA,NA,NA,4,NA,"Emily, Lilly","6/27/2025","",274
"247","D8","QUVE",1,NA,NA,NA,NA,NA,NA,NA,NA,NA,NA,NA,NA
"248","D8","ASTR",1,NA,NA,NA,NA,NA,NA,1,NA,"Emily, Lilly","6/27/2025","",278
"249","D9","QUAL",27,NA,NA,NA,NA,NA,NA,26,NA,"Emily, Lilly","6/27/2025","",280
"250","D9","QUST",2,NA,NA,NA,NA,NA,NA,NA,NA,NA,NA,NA,NA
"251","D9","AEPA",NA,1,NA,NA,NA,NA,NA,5,NA,"Emily, Lilly","6/27/2025","",281
"252","D9","PRUM",1,NA,NA,NA,NA,NA,NA,1,NA,"Emily, Lilly","6/27/2025","",286
"253","D10","QUAL",23,NA,NA,NA,NA,NA,NA,29,NA,"Emily, Lilly","6/27/2025","",230
"254","D10","QUVE",1,NA,NA,NA,NA,NA,NA,NA,NA,NA,NA,NA,NA
"255","D10","CAGL",6,NA,NA,NA,NA,NA,NA,4,NA,"Emily, Lilly","6/27/2025","",233
"256","D10","NYSY",1,NA,NA,NA,NA,NA,NA,9,NA,"Emily, Lilly","6/27/2025","",232
"257","E1","QUAL",6,1,NA,NA,NA,NA,NA,4,NA,"","","",289
"258","E1","TIAM",1,NA,NA,NA,NA,NA,NA,NA,NA,NA,NA,NA,NA
"259","E1","CAGL",2,NA,NA,NA,NA,NA,NA,1,NA,"","","",292
"260","E1","ASTR",4,NA,NA,NA,NA,NA,NA,2,NA,"","","",291
"261","E1","CATO",2,NA,NA,NA,NA,NA,NA,3,NA,"","","",293
"262","E1","CEOC",4,NA,NA,NA,NA,NA,NA,2,NA,"","","",290
"263","E1","QUVE",1,NA,NA,NA,NA,NA,NA,NA,NA,NA,NA,NA,NA
"264","E1","DIVI",1,NA,NA,NA,NA,NA,NA,NA,NA,NA,NA,NA,NA
"265","E1","HACA",3,NA,NA,NA,NA,NA,NA,NA,NA,NA,NA,NA,NA
"266","E2","QUAL",5,NA,NA,NA,NA,NA,NA,NA,NA,NA,NA,NA,NA
"267","E2","DIVI",1,NA,NA,NA,NA,NA,NA,NA,NA,NA,NA,NA,NA
"268","E2","CAGL",3,NA,NA,NA,NA,NA,NA,1,NA,"","","",307
"269","E2","TIAM",5,NA,NA,NA,NA,NA,NA,NA,NA,NA,NA,NA,NA
"270","E2","QUVE",1,NA,NA,NA,NA,NA,NA,NA,NA,NA,NA,NA,NA
"271","E2","CAAM",1,NA,NA,NA,NA,NA,NA,NA,NA,NA,NA,NA,NA
"272","E3","CAAM",2,NA,NA,NA,NA,NA,NA,NA,NA,NA,NA,NA,NA
"273","E3","CAGL",2,NA,NA,NA,NA,NA,NA,3,NA,"","","",313
"274","E3","HACA",1,1,NA,NA,NA,NA,NA,NA,NA,NA,NA,NA,NA
"275","E3","QUVE",1,NA,NA,NA,NA,NA,NA,NA,NA,NA,NA,NA,NA
"276","E3","QUAL",2,NA,NA,NA,NA,NA,NA,8,NA,"","","",309
"277","E3","RHCA",NA,3,NA,NA,NA,NA,NA,19,NA,"","","",310
"278","E3","DIVI",3,NA,NA,NA,NA,NA,NA,NA,NA,NA,NA,NA,NA
"279","E4","HYAR",1,NA,NA,NA,NA,NA,NA,NA,NA,NA,NA,NA,NA
"280","E4","QUAL",22,NA,NA,NA,NA,NA,NA,6,NA,"","","",317
"281","E4","CAGL",7,NA,NA,NA,NA,NA,NA,11,NA,"","","",315
"282","E4","QUVE",2,NA,NA,NA,NA,NA,NA,3,NA,"","","",316
"283","E4","CEOC",1,NA,NA,NA,NA,NA,NA,0,1,"","","",318
"284","E4","RHCA",1,NA,NA,NA,NA,NA,NA,NA,NA,NA,NA,NA,NA
"285","E4","SAAL",1,NA,NA,NA,NA,NA,NA,NA,NA,NA,NA,NA,NA
"286","E5","QUAL",15,NA,NA,NA,NA,NA,NA,19,NA,"Emily,Tegan","6/27/2025","",322
"287","E5","CAGL",3,NA,NA,NA,NA,NA,NA,6,NA,"Emily,Tegan","6/27/2025","",321
"288","E5","SAAL",10,NA,NA,NA,NA,NA,NA,NA,NA,NA,NA,NA,NA
"289","E5","QURU",1,NA,NA,NA,NA,NA,NA,NA,NA,NA,NA,NA,NA
"290","E5","TIAM",1,NA,NA,NA,NA,NA,NA,NA,NA,NA,NA,NA,NA
"291","E5","ASTR",2,NA,NA,NA,NA,NA,NA,NA,NA,NA,NA,NA,NA
"292","E5","CATO",1,NA,NA,NA,NA,NA,NA,NA,NA,NA,NA,NA,NA
"293","E5","CAAM",NA,3,NA,NA,NA,NA,NA,NA,NA,NA,NA,NA,NA
"294","E6","QUAL",27,NA,NA,NA,NA,NA,NA,25,NA,"Emily,Tegan","6/27/2025","",328
"295","E6","CAGL",3,NA,NA,NA,NA,NA,NA,4,NA,"Emily,Tegan","6/27/2025","",327
"296","E6","ASTR",1,NA,NA,NA,NA,NA,NA,NA,NA,NA,NA,NA,NA
"297","E6","CAAM",3,NA,NA,NA,NA,NA,NA,NA,NA,NA,NA,NA,NA
"298","E7","QUAL",28,NA,NA,NA,NA,NA,NA,34,NA,"Emily,Tegan","6/27/2025","",331
"299","E7","CATO",2,NA,NA,NA,NA,NA,NA,NA,NA,NA,NA,NA,NA
"300","E7","TIAM",2,NA,NA,NA,NA,NA,NA,NA,NA,NA,NA,NA,NA
"301","E8","QUAL",25,NA,NA,NA,NA,NA,NA,11,NA,"Emily,Tegan","6/27/2025","",337
"302","E8","QUFA",1,NA,NA,NA,NA,NA,NA,NA,NA,NA,NA,NA,NA
"303","E8","NYSY",1,NA,NA,NA,NA,NA,NA,NA,NA,NA,NA,NA,NA
"304","E8","QURU",1,NA,NA,NA,NA,NA,NA,NA,NA,NA,NA,NA,NA
"305","E8","CAAM",1,1,NA,NA,NA,NA,NA,NA,NA,NA,NA,NA,NA
"306","E8","CAGL",3,NA,NA,NA,NA,NA,NA,2,NA,"Emily,Tegan","6/27/2025","",339
"307","E8","CATO",3,NA,NA,NA,NA,NA,NA,NA,NA,NA,NA,NA,NA
"308","E8","QUVE",2,NA,NA,NA,NA,NA,NA,1,NA,"Emily,Tegan","6/27/2025","",338
"309","E8","RHCA",1,NA,NA,NA,NA,NA,NA,NA,NA,NA,NA,NA,NA
"310","E8","CEOC",1,NA,NA,NA,NA,NA,NA,NA,NA,NA,NA,NA,NA
"311","E8","DIVI",4,NA,NA,NA,NA,NA,NA,NA,NA,NA,NA,NA,NA
"312","E8","LITU",1,NA,NA,NA,NA,NA,NA,NA,NA,NA,NA,NA,NA
"313","E9","QUVE",1,NA,NA,NA,NA,NA,NA,2,NA,"Emily,Tegan","6/27/2025","",348
"314","E9","NYSY",1,NA,NA,NA,NA,NA,NA,1,NA,"Emily,Tegan","6/27/2025","",349
"315","E9","QUAL",31,2,NA,NA,NA,NA,NA,36,NA,"Emily,Tegan","6/27/2025","",343
"316","E9","QUFA",2,NA,NA,NA,NA,NA,NA,NA,NA,NA,NA,NA,NA
"317","E9","CAFL",1,NA,NA,NA,NA,NA,NA,NA,NA,NA,NA,NA,NA
"318","E10","QUAL",19,NA,NA,NA,NA,NA,NA,11,NA,"Emily,Tegan","6/27/2025","",294
"319","E10","CATO",1,NA,NA,NA,NA,NA,NA,1,NA,"Emily,Tegan","6/27/2025","",299
"320","E10","Cratagus spp.",4,NA,NA,NA,NA,NA,NA,NA,NA,NA,NA,NA,NA
"321","E10","CEOC",1,NA,NA,NA,NA,NA,NA,NA,NA,NA,NA,NA,NA
"322","E10","DIVI",1,NA,NA,NA,NA,NA,NA,NA,NA,NA,NA,NA,NA
"323","F1","QUAL",6,NA,NA,NA,NA,NA,NA,3,NA,"Lucy,Lilly","6/27/2025","",354
"324","F1","CAFL",1,NA,NA,NA,NA,NA,NA,NA,NA,NA,NA,NA,NA
"325","F1","QUVE",4,NA,NA,NA,NA,NA,NA,2,NA,"Lucy,Lilly","6/27/2025","",355
"326","F1","HACA",1,5,NA,NA,NA,NA,NA,NA,NA,NA,NA,NA,NA
"327","F1","CAGL",1,NA,NA,NA,NA,NA,NA,1,NA,"Lucy,Lilly","6/27/2025","",358
"328","F1","ASTR",2,NA,NA,NA,NA,NA,NA,NA,NA,NA,NA,NA,NA
"329","F1","CEOC",1,NA,NA,NA,NA,NA,NA,2,NA,"Lucy,Lilly","6/27/2025","",359
"330","F2","CATO",1,NA,NA,NA,NA,NA,NA,NA,NA,NA,NA,NA,NA
"331","F2","QUAL",28,NA,NA,NA,NA,NA,NA,4,NA,"Lucy,Lilly","6/27/2025","",372
"332","F2","ASTR",8,NA,NA,NA,NA,NA,NA,NA,NA,NA,NA,NA,NA
"333","F2","HACA",2,2,NA,NA,NA,NA,NA,NA,NA,NA,NA,NA,NA
"334","F2","CAFL",1,NA,NA,NA,NA,NA,NA,NA,NA,NA,NA,NA,NA
"335","F3","LITU",NA,1,NA,NA,NA,NA,NA,0,1,"Lucy,Lilly","6/27/2025","",379
"336","F3","QUAL",4,NA,NA,NA,NA,NA,NA,5,NA,"Lucy,Lilly","6/27/2025","",377
"337","F3","HACA",8,5,NA,NA,NA,NA,NA,NA,NA,NA,NA,NA,NA
"338","F3","CEOC",NA,1,NA,NA,NA,NA,NA,2,1,"Lucy,Lilly","6/27/2025","",378
"339","F3","QURU",1,NA,NA,NA,NA,NA,NA,NA,NA,NA,NA,NA,NA
"340","F3","QUFA",1,NA,NA,NA,NA,NA,NA,NA,NA,NA,NA,NA,NA
"341","F4","QUAL",9,NA,NA,NA,NA,NA,NA,3,NA,"Lucy,Lilly","6/27/2025","",384
"342","F4","CAFL",1,NA,NA,NA,NA,NA,NA,NA,NA,NA,NA,NA,NA
"343","F4","SAAL",2,NA,NA,NA,NA,NA,NA,NA,NA,NA,NA,NA,NA
"344","F4","CAGL",6,NA,NA,NA,NA,NA,NA,2,NA,"Lucy,Lilly","6/27/2025","",386
"345","F4","Cratagus spp.",1,NA,NA,NA,NA,NA,NA,NA,NA,NA,NA,NA,NA
"346","F4","CAAM",1,3,NA,NA,NA,NA,NA,NA,NA,NA,NA,NA,NA
"347","F4","QUCO",1,NA,NA,NA,NA,NA,NA,NA,NA,NA,NA,NA,NA
"348","F4","CATO",1,NA,NA,NA,NA,NA,NA,NA,NA,NA,NA,NA,NA
"349","F4","CEOC",1,NA,NA,NA,NA,NA,NA,1,NA,"Lucy,Lilly","6/27/2025","",387
"350","F4","TIAM",1,NA,NA,NA,NA,NA,NA,NA,NA,NA,NA,NA,NA
"351","F4","ASTR",1,NA,NA,NA,NA,NA,NA,NA,NA,NA,NA,NA,NA
"352","F4","CHVI",NA,1,NA,NA,NA,NA,NA,NA,NA,NA,NA,NA,NA
"353","F5","QUAL",9,NA,NA,NA,NA,NA,NA,3,NA,"Lucy,Lilly","6/27/2025","",390
"354","F5","ASTR",1,NA,NA,NA,NA,NA,NA,NA,NA,NA,NA,NA,NA
"355","F5","DIVI",1,NA,NA,NA,NA,NA,NA,NA,NA,NA,NA,NA,NA
"356","F5","QURU",1,NA,NA,NA,NA,NA,NA,NA,NA,NA,NA,NA,NA
"357","F5","CAAM",3,1,NA,NA,NA,NA,NA,NA,NA,NA,NA,NA,NA
"358","F5","CAGL",1,NA,NA,NA,NA,NA,NA,2,NA,"Lucy,Lilly","6/27/2025","",389
"359","F5","SAAL",3,NA,NA,NA,NA,NA,NA,NA,NA,NA,NA,NA,NA
"360","F5","CEOC",2,NA,NA,NA,NA,NA,NA,2,NA,"Lucy,Lilly","6/27/2025","",391
"361","F6","QUAL",10,NA,NA,NA,NA,NA,NA,6,NA,"Lucy,Lilly","6/27/2025","",396
"362","F6","CAFL",1,NA,NA,NA,NA,NA,NA,NA,NA,NA,NA,NA,NA
"363","F6","NYSY",1,NA,NA,NA,NA,NA,NA,3,NA,"Lucy,Lilly","6/27/2025","",395
"364","F6","CAGL",3,NA,NA,NA,NA,NA,NA,4,NA,"Lucy,Lilly","6/27/2025","",394
"365","F6","CATO",1,NA,NA,NA,NA,NA,NA,2,NA,"Lucy,Lilly","6/27/2025","",393
"366","F6","CAAM",1,NA,NA,NA,NA,NA,NA,NA,NA,NA,NA,NA,NA
"367","F6","QURU",1,NA,NA,NA,NA,NA,NA,NA,NA,NA,NA,NA,NA
"368","F7","ASTR",5,NA,NA,NA,NA,NA,NA,1,NA,"Lucy,Lilly","6/27/2025","",402
"369","F7","QUAL",1,NA,NA,NA,NA,NA,NA,5,NA,"Lucy,Lilly","6/27/2025","",401
"370","F8","RHCA",2,NA,NA,NA,NA,NA,NA,5,NA,"Emily,Tegan","6/27/2025","",404
"371","F8","CEOC",1,NA,NA,NA,NA,NA,NA,NA,NA,NA,NA,NA,NA
"372","F8","QUVE",2,NA,NA,NA,NA,NA,NA,2,NA,"Emily,Tegan","6/27/2025","",405
"373","F9","Cratagus spp.",NA,2,NA,NA,NA,NA,NA,NA,NA,NA,NA,NA,NA
"374","F9","CAGL",6,NA,NA,NA,NA,NA,NA,2,NA,"Emily,Tegan","6/27/2025","",409
"375","F9","QUAL",11,NA,NA,NA,NA,NA,NA,18,NA,"Emily,Tegan","6/27/2025","",408
"376","F9","QURU",1,NA,NA,NA,NA,NA,NA,NA,NA,NA,NA,NA,NA
"377","F9","QUVE",1,NA,NA,NA,NA,NA,NA,NA,NA,NA,NA,NA,NA
"378","F9","CATO",1,NA,NA,NA,NA,NA,NA,NA,NA,NA,NA,NA,NA
"379","F9","CEOC",1,NA,NA,NA,NA,NA,NA,1,NA,"Emily,Tegan","6/27/2025","",411
"380","F10","CAFL",2,NA,NA,NA,NA,NA,NA,NA,NA,NA,NA,NA,NA
"381","F10","QUAL",10,NA,NA,NA,NA,NA,NA,16,NA,"Emily,Tegan","6/27/2025","",361
"382","F10","CATO",1,NA,NA,NA,NA,NA,NA,NA,NA,NA,NA,NA,NA
"383","G1","CAGL",3,NA,NA,NA,NA,NA,NA,2,NA,"Lucy,Lilly","6/27/2025","",417
"384","G1","HACA",2,6,NA,NA,NA,NA,NA,NA,NA,NA,NA,NA,NA
"385","G1","DIVI",1,NA,NA,NA,NA,NA,NA,NA,NA,NA,NA,NA,NA
"386","G1","QUAL",1,NA,NA,NA,NA,NA,NA,1,NA,"Lucy,Lilly","6/27/2025","",420
"387","G1","ASTR",1,NA,NA,NA,NA,NA,NA,NA,NA,NA,NA,NA,NA
"388","G1","CATO",1,NA,NA,NA,NA,NA,NA,NA,NA,NA,NA,NA,NA
"389","G1","QUVE",1,NA,NA,NA,NA,NA,NA,NA,NA,NA,NA,NA,NA
"390","G2","QUAL",30,NA,NA,NA,NA,NA,NA,12,NA,"Lucy,Lilly","6/27/2025","",433
"391","G2","DIVI",1,NA,NA,NA,NA,NA,NA,NA,NA,NA,NA,NA,NA
"392","G2","QUFA",1,NA,NA,NA,NA,NA,NA,NA,NA,NA,NA,NA,NA
"393","G2","HACA",5,3,NA,NA,NA,NA,NA,NA,NA,NA,NA,NA,NA
"394","G2","CATO",3,NA,NA,NA,NA,NA,NA,2,NA,"Lucy,Lilly","6/27/2025","",436
"395","G2","TIAM",1,NA,NA,NA,NA,NA,NA,NA,NA,NA,NA,NA,NA
"396","G2","CAGL",1,NA,NA,NA,NA,NA,NA,2,NA,"Lucy,Lilly","6/27/2025","",437
"397","G3","QUAL",19,NA,NA,NA,NA,NA,NA,12,NA,"Lucy,Lilly","6/27/2025","",439
"398","G3","HACA",16,15,NA,NA,NA,NA,NA,NA,NA,NA,NA,NA,NA
"399","G3","CAFL",1,NA,NA,NA,NA,NA,NA,NA,NA,NA,NA,NA,NA
"400","G3","PRAL",NA,1,NA,NA,NA,NA,NA,NA,NA,NA,NA,NA,NA
"401","G4","TIAM",1,NA,NA,NA,NA,NA,NA,4,NA,"Emily,Tegan","6/27/2025","",449
"402","G4","QUAL",9,NA,NA,NA,NA,NA,NA,NA,NA,NA,NA,NA,NA
"403","G4","CEOC",2,1,NA,NA,NA,NA,NA,2,NA,"Emily,Tegan","6/27/2025","",448
"404","G4","CAGL",2,NA,NA,NA,NA,NA,NA,1,NA,"Emily,Tegan","6/27/2025","",454
"405","G4","HACA",1,NA,NA,NA,NA,NA,NA,NA,NA,NA,NA,NA,NA
"406","G4","CATO",1,NA,NA,NA,NA,NA,NA,1,NA,"Emily,Tegan","6/27/2025","",453
"407","G4","QURU",1,NA,NA,NA,NA,NA,NA,NA,NA,NA,NA,NA,NA
"408","G4","RHCA",3,2,NA,NA,NA,NA,NA,NA,NA,NA,NA,NA,NA
"409","G4","TIAM",2,NA,NA,NA,NA,NA,NA,4,NA,"Emily,Tegan","6/27/2025","",449
"410","G5","DIVI",1,NA,NA,NA,NA,NA,NA,NA,NA,NA,NA,NA,NA
"411","G5","HACA",1,NA,NA,NA,NA,NA,NA,NA,NA,NA,NA,NA,NA
"412","G5","QUAL",3,NA,NA,NA,NA,NA,NA,NA,NA,NA,NA,NA,NA
"413","G5","HYAR",4,NA,NA,NA,NA,NA,NA,5,NA,"Emily,Tegan","6/27/2025","",458
"414","G5","CAGL",1,NA,NA,NA,NA,NA,NA,1,NA,"Emily,Tegan","6/27/2025","",457
"415","G6","FRPE",1,1,NA,NA,NA,NA,NA,3,NA,"Emily,Tegan","6/27/2025","",465
"416","G6","CEOC",7,NA,NA,NA,NA,NA,NA,3,NA,"Emily,Tegan","6/27/2025","",469
"417","G6","QUAL",5,NA,NA,NA,NA,NA,NA,1,NA,"Emily,Tegan","6/27/2025","",467
"418","G6","QUAL",5,NA,NA,NA,NA,NA,NA,1,NA,"Emily,Tegan","6/27/2025","",470
"419","G6","HYAR",3,NA,NA,NA,NA,NA,NA,9,NA,"Emily,Tegan","6/27/2025","",466
"420","G6","PITA",1,NA,NA,NA,NA,NA,NA,NA,NA,NA,NA,NA,NA
"421","G6","DIVI",1,1,NA,NA,NA,NA,NA,NA,NA,NA,NA,NA,NA
"422","G6","ASTR",2,NA,NA,NA,NA,NA,NA,NA,NA,NA,NA,NA,NA
"423","G6","SAAL",2,NA,NA,NA,NA,NA,NA,NA,NA,NA,NA,NA,NA
"424","G7","QUVE",1,NA,NA,NA,NA,NA,NA,NA,NA,NA,NA,NA,NA
"425","G7","QUAL",9,NA,NA,NA,NA,NA,NA,4,NA,"Emily,Tegan","6/27/2025","",474
"426","G7","QUAL",9,NA,NA,NA,NA,NA,NA,1,NA,"Emily,Tegan","6/27/2025","",477
"427","G7","QUST",2,NA,NA,NA,NA,NA,NA,NA,NA,NA,NA,NA,NA
"428","G7","CEOC",NA,1,NA,NA,NA,NA,NA,3,2,"Emily,Tegan","6/27/2025","",472
"429","G7","CEOC",NA,1,NA,NA,NA,NA,NA,1,NA,"Emily,Tegan","6/27/2025","",476
"430","G7","TIAM",1,NA,NA,NA,NA,NA,NA,NA,NA,NA,NA,NA,NA
"431","G7","DIVI",1,NA,NA,NA,NA,NA,NA,NA,NA,NA,NA,NA,NA
"432","G7","CAAM",NA,3,NA,NA,NA,NA,NA,NA,NA,NA,NA,NA,NA
"433","G8","CEOC",3,NA,NA,NA,NA,NA,NA,2,1,"Emily,Tegan","6/27/2025","",479
"434","G8","QUAL",11,NA,NA,NA,NA,NA,NA,4,NA,"Emily,Tegan","6/27/2025","",483
"435","G8","ASTR",5,NA,NA,NA,NA,NA,NA,NA,NA,NA,NA,NA,NA
"436","G8","QUFA",1,NA,NA,NA,NA,NA,NA,NA,NA,NA,NA,NA,NA
"437","G8","QURU",1,NA,NA,NA,NA,NA,NA,1,NA,"Emily,Tegan","6/27/2025","",484
"438","G8","TIAM",1,NA,NA,NA,NA,NA,NA,4,NA,"Emily,Tegan","6/27/2025","",481
"439","G8","QUVE",2,NA,NA,NA,NA,NA,NA,3,NA,"Emily,Tegan","6/27/2025","",482
"440","G8","QUNI",1,NA,NA,NA,NA,NA,NA,NA,NA,NA,NA,NA,NA
"441","G9","ASTR",3,NA,NA,NA,NA,NA,NA,NA,NA,NA,NA,NA,NA
"442","G9","QUVE",2,3,NA,NA,NA,NA,NA,2,2,"Emily,Tegan","6/27/2025","",487
"443","G9","DIVI",1,NA,NA,NA,NA,NA,NA,NA,NA,NA,NA,NA,NA
"444","G9","QUAL",3,NA,NA,NA,NA,NA,NA,4,NA,"Emily,Tegan","6/27/2025","",492
"445","G9","CATO",2,NA,NA,NA,NA,NA,NA,1,NA,"Emily,Tegan","6/27/2025","",495
"446","G9","CEOC",2,NA,NA,NA,NA,NA,NA,1,NA,"Emily,Tegan","6/27/2025","",493
"447","G9","TIAM",1,NA,NA,NA,NA,NA,NA,NA,NA,NA,NA,NA,NA
"448","G9","HAVI",5,NA,NA,NA,NA,NA,NA,10,NA,"Emily,Tegan","6/27/2025","",491
"449","G9","VIAC",11,NA,NA,NA,NA,NA,NA,42,NA,"Emily,Tegan","6/27/2025","",489
"450","G9","FRPE",2,NA,NA,NA,NA,NA,NA,1,NA,"Emily,Tegan","6/27/2025","",494
"451","G10","CATO",6,NA,NA,NA,NA,NA,NA,2,NA,"Emily,Tegan","6/27/2025","",421
"452","G10","QUAL",20,NA,NA,NA,NA,NA,NA,16,NA,"Emily,Tegan","6/27/2025","",423
"453","G10","QUVE",2,NA,NA,NA,NA,NA,NA,1,NA,"Emily,Tegan","6/27/2025","",426
"454","G10","HAVI",5,1,NA,NA,NA,NA,NA,20,NA,"Emily,Tegan","6/27/2025","",422
"455","G10","HYAR",1,NA,NA,NA,NA,NA,NA,NA,NA,NA,NA,NA,NA
"456","G10","DIVI",1,NA,NA,NA,NA,NA,NA,NA,NA,NA,NA,NA,NA
"457","G10","QURU",1,NA,NA,NA,NA,NA,NA,NA,NA,NA,NA,NA,NA
"458","G10","CEOC",2,NA,NA,NA,NA,NA,NA,NA,NA,NA,NA,NA,NA
"459","G10","ASTR",2,NA,NA,NA,NA,NA,NA,NA,NA,NA,NA,NA,NA
"460","G10","FRPE",1,NA,NA,NA,NA,NA,NA,NA,NA,NA,NA,NA,NA
"461","H1","Cratagus spp.",1,NA,NA,NA,NA,NA,NA,NA,NA,NA,NA,NA,NA
"462","H1","QUVE",2,NA,NA,NA,NA,NA,NA,3,NA,"Emily,Tegan","6/27/2025","",503
"463","H1","QUAL",4,NA,NA,NA,NA,NA,NA,10,NA,"Emily,Tegan","6/27/2025","",504
"464","H1","QUAL",4,NA,NA,NA,NA,NA,NA,1,NA,"Emily,Tegan","6/27/2025","",496
"465","H1","CAGL",1,NA,NA,NA,NA,NA,NA,2,NA,"Emily,Tegan","6/27/2025","",499
"466","H1","QURU",3,NA,NA,NA,NA,NA,NA,NA,NA,NA,NA,NA,NA
"467","H1","DIVI",2,NA,NA,NA,NA,NA,NA,NA,NA,NA,NA,NA,NA
"468","H1","RHCA",NA,1,NA,NA,NA,NA,NA,NA,NA,NA,NA,NA,NA
"469","H1","HACA",NA,1,NA,NA,NA,NA,NA,NA,NA,NA,NA,NA,NA
"470","H1","CEOC",NA,1,NA,NA,NA,NA,NA,3,NA,"Emily,Tegan","6/27/2025","",505
"471","H2","HACA",6,12,NA,NA,NA,NA,NA,NA,NA,NA,NA,NA,NA
"472","H2","QUAL",3,NA,NA,NA,NA,NA,NA,2,NA,"Emily,Tegan","6/27/2025","",522
"473","H2","CAGL",2,NA,NA,NA,NA,NA,NA,2,NA,"Emily,Tegan","6/27/2025","",519
"474","H2","CAFL",1,NA,NA,NA,NA,NA,NA,NA,NA,NA,NA,NA,NA
"475","H2","CEOC",5,NA,NA,NA,NA,NA,NA,1,1,"Emily,Tegan","6/27/2025","",518
"476","H2","CATO",1,NA,NA,NA,NA,NA,NA,2,NA,"Emily,Tegan","6/27/2025","",521
"477","H2","RHCA",1,NA,NA,NA,NA,NA,NA,NA,NA,NA,NA,NA,NA
"478","H3","HACA",10,3,NA,NA,NA,NA,NA,NA,NA,NA,NA,NA,NA
"479","H3","QUAL",3,NA,NA,NA,NA,NA,NA,2,NA,"Emily,Tegan","6/27/2025","",527
"480","H3","QURU",1,NA,NA,NA,NA,NA,NA,NA,NA,NA,NA,NA,NA
"481","H3","DIVI",2,NA,NA,NA,NA,NA,NA,NA,NA,NA,NA,NA,NA
"482","H3","CEOC",1,NA,NA,NA,NA,NA,NA,1,NA,"Emily,Tegan","6/27/2025","",532
"483","H3","CATO",1,NA,NA,NA,NA,NA,NA,1,NA,"Emily,Tegan","6/27/2025","",533
"484","H3","CAFL",1,NA,NA,NA,NA,NA,NA,NA,NA,NA,NA,NA,NA
"485","H4","HYAR",13,NA,NA,NA,NA,NA,NA,6,NA,"Emily, Lilly","6/30/2025","",537
"486","H4","HACA",11,5,NA,NA,NA,NA,NA,NA,NA,NA,NA,NA,NA
"487","H4","QUAL",6,NA,NA,NA,NA,NA,NA,3,NA,"Emily, Lilly","6/30/2025","",540
"488","H4","CAGL",3,NA,NA,NA,NA,NA,NA,4,NA,"Emily, Lilly","6/30/2025","",539
"489","H4","CEOC",6,NA,NA,NA,NA,NA,NA,9,NA,"Emily, Lilly","6/30/2025","",535
"490","H4","TIAM",2,NA,NA,NA,NA,NA,NA,2,NA,"Emily, Lilly","6/30/2025","",538
"491","H4","DIVI",2,NA,NA,NA,NA,NA,NA,NA,NA,NA,NA,NA,NA
"492","H4","ASTR",8,NA,NA,NA,NA,NA,NA,NA,NA,NA,NA,NA,NA
"493","H5","HACA",12,NA,NA,NA,NA,NA,NA,NA,NA,NA,NA,NA,NA
"494","H5","DIVI",1,NA,NA,NA,NA,NA,NA,NA,NA,NA,NA,NA,NA
"495","H5","RHCA",1,NA,NA,NA,NA,NA,NA,NA,NA,NA,NA,NA,NA
"496","H5","CEOC",1,NA,NA,NA,NA,NA,NA,NA,NA,NA,NA,NA,NA
"497","H6","RHCA",1,NA,NA,NA,NA,NA,NA,NA,NA,NA,NA,NA,NA
"498","H6","HYAR",2,NA,NA,NA,NA,NA,NA,2,NA,"Emily, Lilly","6/30/2025","",555
"499","H6","DIVI",3,NA,NA,NA,NA,NA,NA,NA,NA,NA,NA,NA,NA
"500","H6","HACA",16,5,NA,NA,NA,NA,NA,NA,NA,NA,NA,NA,NA
"501","H6","QUAL",3,NA,NA,NA,NA,NA,NA,3,NA,"Emily, Lilly","6/30/2025","",553
"502","H7","CATO",4,NA,NA,NA,NA,NA,NA,NA,NA,NA,NA,NA,NA
"503","H7","HACA",3,NA,NA,NA,NA,NA,NA,NA,NA,NA,NA,NA,NA
"504","H7","TIAM",1,NA,NA,NA,NA,NA,NA,NA,NA,NA,NA,NA,NA
"505","H7","CAGL",3,NA,NA,NA,NA,NA,NA,6,NA,"Emily, Lilly","6/30/2025","",557
"506","H7","HYAR",4,NA,NA,NA,NA,NA,NA,5,NA,"Emily, Lilly","6/30/2025","",561
"507","H7","QUVE",3,NA,NA,NA,NA,NA,NA,NA,NA,NA,NA,NA,NA
"508","H7","CEOC",1,NA,NA,NA,NA,NA,NA,NA,NA,NA,NA,NA,NA
"509","H7","QUAL",1,NA,NA,NA,NA,NA,NA,5,NA,"Emily, Lilly","6/30/2025","",559
"510","H7","DIVI",1,NA,NA,NA,NA,NA,NA,NA,NA,NA,NA,NA,NA
"511","H7","ASTR",3,NA,NA,NA,NA,NA,NA,4,NA,"Emily, Lilly","6/30/2025","",560
"512","H8","QUAL",2,NA,NA,NA,NA,NA,NA,1,NA,"Emily, Lilly","6/30/2025","",568
"513","H8","TIAM",1,NA,NA,NA,NA,NA,NA,2,NA,"Emily, Lilly","6/30/2025","",563
"514","H8","DIVI",1,NA,NA,NA,NA,NA,NA,NA,NA,NA,NA,NA,NA
"515","H8","HACA",1,NA,NA,NA,NA,NA,NA,NA,NA,NA,NA,NA,NA
"516","H8","HYAR",3,NA,NA,NA,NA,NA,NA,NA,NA,NA,NA,NA,NA
"517","H8","CEOC",NA,1,NA,NA,NA,NA,NA,1,NA,"Emily, Lilly","6/30/2025","",569
"518","H8","CECA",1,NA,NA,NA,NA,NA,NA,NA,NA,NA,NA,NA,NA
"519","H8","QURU",1,NA,NA,NA,NA,NA,NA,NA,NA,NA,NA,NA,NA
"520","H8","CAAM",2,NA,NA,NA,NA,NA,NA,NA,NA,NA,NA,NA,NA
"521","H9","SAAL",2,NA,NA,NA,NA,NA,NA,NA,NA,NA,NA,NA,NA
"522","H9","QUVE",6,NA,NA,NA,NA,NA,NA,3,NA,"Emily, Lilly","6/30/2025","",572
"523","H9","QUAL",6,NA,NA,NA,NA,NA,NA,5,NA,"Emily, Lilly","6/30/2025","",571
"524","H9","CATO",2,NA,NA,NA,NA,NA,NA,NA,NA,NA,NA,NA,NA
"525","H9","CAGL",3,NA,NA,NA,NA,NA,NA,4,NA,"Emily, Lilly","6/30/2025","",570
"526","H9","QURU",1,NA,NA,NA,NA,NA,NA,1,NA,"Emily, Lilly","6/30/2025","",574
"527","H10","QUAL",68,NA,NA,NA,NA,NA,NA,34,NA,"Emily, Lilly","6/30/2025","",507
"528","H10","QUVE",1,NA,NA,NA,NA,NA,NA,NA,NA,NA,NA,NA,NA
"529","H10","CATO",2,NA,NA,NA,NA,NA,NA,3,NA,"Emily, Lilly","6/30/2025","",508
"530","H10","CAGL",2,NA,NA,NA,NA,NA,NA,3,NA,"Emily, Lilly","6/30/2025","",511
"531","H10","QURU",1,NA,NA,NA,NA,NA,NA,NA,NA,NA,NA,NA,NA
"532","H10","ASTR",3,NA,NA,NA,NA,NA,NA,1,NA,"Emily, Lilly","6/30/2025","",510
"533","H10","HAVI",1,NA,NA,NA,NA,NA,NA,6,7,"Emily, Lilly","6/30/2025","",513
"534","H10","SAAL",1,NA,NA,NA,NA,NA,NA,NA,NA,NA,NA,NA,NA
"535","H10","FRPE",1,NA,NA,NA,NA,NA,NA,NA,NA,NA,NA,NA,NA
"536","H10","CECA",NA,1,NA,NA,NA,NA,NA,NA,NA,NA,NA,NA,NA
"537","I1","QUAL",16,1,NA,NA,NA,NA,NA,7,2,"Emily, Lilly","6/30/2025","",578
"538","I1","RHCA",3,NA,NA,NA,NA,NA,NA,NA,NA,NA,NA,NA,NA
"539","I1","CEOC",1,1,NA,NA,NA,NA,NA,1,1,"Emily, Lilly","6/30/2025","",581
"540","I1","HACA",1,NA,NA,NA,NA,NA,NA,NA,NA,NA,NA,NA,NA
"541","I1","CATO",1,NA,NA,NA,NA,NA,NA,1,NA,"Emily, Lilly","6/30/2025","",586
"542","I1","QUVE",5,NA,NA,NA,NA,NA,NA,4,NA,"Emily, Lilly","6/30/2025","",579
"543","I1","CAGL",1,NA,NA,NA,NA,NA,NA,1,NA,"Emily, Lilly","6/30/2025","",580
"544","I2","DIVI",2,NA,NA,NA,NA,NA,NA,NA,NA,NA,NA,NA,NA
"545","I2","COFL",3,NA,NA,NA,NA,NA,NA,NA,NA,NA,NA,NA,NA
"546","I2","QUVE",8,NA,NA,NA,NA,NA,NA,2,NA,"Emily, Lilly","6/30/2025","",593
"547","I2","VAAR",1,NA,NA,NA,NA,NA,NA,NA,NA,NA,NA,NA,NA
"548","I2","CEOC",1,NA,NA,NA,NA,NA,NA,NA,NA,NA,NA,NA,NA
"549","I2","CATO",1,NA,NA,NA,NA,NA,NA,2,NA,"Emily, Lilly","6/30/2025","",595
"550","I3","CEOC",1,NA,NA,NA,NA,NA,NA,NA,NA,NA,NA,NA,NA
"551","I3","HACA",NA,2,NA,NA,NA,NA,NA,NA,NA,NA,NA,NA,NA
"552","I3","CECA",5,NA,NA,NA,NA,NA,NA,NA,NA,NA,NA,NA,NA
"553","I3","QUVE",6,NA,NA,NA,NA,NA,NA,3,NA,"Emily, Lilly","6/30/2025","",598
"554","I3","CAGL",3,NA,NA,NA,NA,NA,NA,2,NA,"Emily, Lilly","6/30/2025","",597
"555","I3","QUAL",2,NA,NA,NA,NA,NA,NA,NA,NA,NA,NA,NA,NA
"556","I3","DIVI",1,NA,NA,NA,NA,NA,NA,NA,NA,NA,NA,NA,NA
"557","I3","CEOC",3,NA,NA,NA,NA,NA,NA,NA,NA,NA,NA,NA,NA
"558","I4","RHCA",1,NA,NA,NA,NA,NA,NA,NA,NA,NA,NA,NA,NA
"559","I4","HYAR",3,NA,NA,NA,NA,NA,NA,NA,NA,NA,NA,NA,NA
"560","I4","ASTR",2,NA,NA,NA,NA,NA,NA,NA,NA,NA,NA,NA,NA
"561","I4","QUVE",2,NA,NA,NA,NA,NA,NA,1,NA,"Emily, Lilly","6/30/2025","",606
"562","I4","NYSY",4,NA,NA,NA,NA,NA,NA,1,NA,"Emily, Lilly","6/30/2025","",602
"563","I4","CAAM",4,NA,NA,NA,NA,NA,NA,NA,NA,NA,NA,NA,NA
"564","I4","CECA",3,NA,NA,NA,NA,NA,NA,NA,NA,NA,NA,NA,NA
"565","I4","CAGL",1,NA,NA,NA,NA,NA,NA,NA,NA,NA,NA,NA,NA
"566","I4","HACA",1,NA,NA,NA,NA,NA,NA,NA,NA,NA,NA,NA,NA
"567","I4","DIVI",1,NA,NA,NA,NA,NA,NA,NA,NA,NA,NA,NA,NA
"568","I4","TIAM",2,NA,NA,NA,NA,NA,NA,NA,NA,NA,NA,NA,NA
"569","I4","QUAL",2,NA,NA,NA,NA,NA,NA,NA,NA,NA,NA,NA,NA
"570","I5","QUAL",4,NA,NA,NA,NA,NA,NA,NA,NA,NA,NA,NA,NA
"571","I5","CECA",10,NA,NA,NA,NA,NA,NA,NA,NA,NA,NA,NA,NA
"572","I5","NYSY",4,NA,NA,NA,NA,NA,NA,1,NA,"Emily, Lilly","6/30/2025","",610
"573","I5","CAGL",1,NA,NA,NA,NA,NA,NA,NA,NA,NA,NA,NA,NA
"574","I5","QUVE",2,NA,NA,NA,NA,NA,NA,NA,NA,NA,NA,NA,NA
"575","I5","AEPA",1,NA,NA,NA,NA,NA,NA,1,NA,"Emily, Lilly","6/30/2025","",608
"576","I5","ASTR",2,NA,NA,NA,NA,NA,NA,NA,NA,NA,NA,NA,NA
"577","I5","TIAM",3,NA,NA,NA,NA,NA,NA,NA,NA,NA,NA,NA,NA
"578","I6","NYSY",3,1,NA,NA,NA,NA,NA,NA,NA,NA,NA,NA,NA
"579","I6","QUAL",9,NA,NA,NA,NA,NA,NA,4,NA,"Emily, Lilly","6/30/2025","",617
"580","I6","CECA",3,NA,NA,NA,NA,NA,NA,NA,NA,NA,NA,NA,NA
"581","I6","HACA",3,6,NA,NA,NA,NA,NA,NA,NA,NA,NA,NA,NA
"582","I6","SAAL",2,NA,NA,NA,NA,NA,NA,NA,NA,NA,NA,NA,NA
"583","I6","LITU",1,NA,NA,NA,NA,NA,NA,NA,NA,NA,NA,NA,NA
"584","I6","CEOC",7,NA,NA,NA,NA,NA,NA,9,NA,"Emily, Lilly","6/30/2025","",613
"585","I6","TIAM",1,NA,NA,NA,NA,NA,NA,1,NA,"Emily, Lilly","6/30/2025","",616
"586","I6","QURU",1,NA,NA,NA,NA,NA,NA,NA,NA,NA,NA,NA,NA
"587","I7","CEOC",9,1,NA,NA,NA,NA,NA,NA,NA,NA,NA,NA,NA
"588","I7","CECA",5,NA,NA,NA,NA,NA,NA,NA,NA,NA,NA,NA,NA
"589","I7","QUAL",12,NA,NA,NA,NA,NA,NA,2,NA,"Emily, Lilly","6/30/2025","",622
"590","I7","DIVI",2,NA,NA,NA,NA,NA,NA,NA,NA,NA,NA,NA,NA
"591","I7","QUVE",1,NA,NA,NA,NA,NA,NA,NA,NA,NA,NA,NA,NA
"592","I7","TIAM",2,NA,NA,NA,NA,NA,NA,NA,NA,NA,NA,NA,NA
"593","I7","CAGL",1,NA,NA,NA,NA,NA,NA,NA,NA,NA,NA,NA,NA
"594","I7","VIAC",19,NA,NA,NA,NA,NA,NA,36,NA,"Emily, Lilly","6/30/2025","",620
"595","I7","RHCA",1,NA,NA,NA,NA,NA,NA,4,NA,"Emily, Lilly","6/30/2025","",624
"596","I7","ASTR",3,NA,NA,NA,NA,NA,NA,2,NA,"Emily, Lilly","6/30/2025","",625
"597","I8","CATO",1,NA,NA,NA,NA,NA,NA,NA,NA,NA,NA,NA,NA
"598","I8","QUAL",1,NA,NA,NA,NA,NA,NA,3,NA,"Emily, Lilly","6/30/2025","",626
"599","I8","COFL",1,NA,NA,NA,NA,NA,NA,NA,NA,NA,NA,NA,NA
"600","I8","Cratagus spp.",1,NA,NA,NA,NA,NA,NA,NA,NA,NA,NA,NA,NA
"601","I8","DIVI",1,NA,NA,NA,NA,NA,NA,NA,NA,NA,NA,NA,NA
"602","I8","CEOC",4,NA,NA,NA,NA,NA,NA,NA,NA,NA,NA,NA,NA
"603","I8","HACA",2,NA,NA,NA,NA,NA,NA,NA,NA,NA,NA,NA,NA
"604","I8","QUVE",1,NA,NA,NA,NA,NA,NA,NA,NA,NA,NA,NA,NA
"605","I8","NYSY",1,NA,NA,NA,NA,NA,NA,NA,NA,NA,NA,NA,NA
"606","I8","FRPE",1,NA,NA,NA,NA,NA,NA,1,NA,"Emily, Lilly","6/30/2025","",628
"607","I8","VIAC",1,NA,NA,NA,NA,NA,NA,NA,NA,NA,NA,NA,NA
"608","I8","CAGL",1,NA,NA,NA,NA,NA,NA,NA,NA,NA,NA,NA,NA
"609","I9","CAGL",3,NA,NA,NA,NA,NA,NA,2,NA,"Emily, Lilly","6/30/2025","",633
"610","I9","LITU",1,NA,NA,NA,NA,NA,NA,NA,NA,NA,NA,NA,NA
"611","I9","HACA",25,6,NA,NA,NA,NA,NA,NA,NA,NA,NA,NA,NA
"612","I9","QUVE",1,NA,NA,NA,NA,NA,NA,NA,NA,NA,NA,NA,NA
"613","I10","CAGL",3,NA,NA,NA,NA,NA,NA,NA,NA,NA,NA,NA,NA
"614","I10","QUAL",9,NA,NA,NA,NA,NA,NA,15,NA,"Emily, Lilly","6/30/2025","",588
"615","I10","QURU",1,NA,NA,NA,NA,NA,NA,NA,NA,NA,NA,NA,NA
"616","I10","CATO",4,1,NA,NA,NA,NA,NA,4,NA,"Emily, Lilly","6/30/2025","",591
"617","I10","CECA",NA,2,NA,NA,NA,NA,NA,NA,NA,NA,NA,NA,NA
"618","I10","TIAM",1,NA,NA,NA,NA,NA,NA,NA,NA,NA,NA,NA,NA
"619","I10","CAAM",NA,3,NA,NA,NA,NA,NA,NA,NA,NA,NA,NA,NA
"620","I10","QUVE",1,NA,NA,NA,NA,NA,NA,NA,NA,NA,NA,NA,NA
"621","I10","FRPE",1,NA,NA,NA,NA,NA,NA,NA,NA,NA,NA,NA,NA
"622","J1","QUAL",16,NA,NA,NA,NA,NA,NA,35,NA,"Emily, Lilly","6/30/2025","",635
"623","J1","CAGL",1,NA,NA,NA,NA,NA,NA,3,NA,"Emily, Lilly","6/30/2025","",637
"624","J1","CECA",1,NA,NA,NA,NA,NA,NA,NA,NA,NA,NA,NA,NA
"625","J1","CATO",3,NA,NA,NA,NA,NA,NA,3,NA,"Emily, Lilly","6/30/2025","",639
"626","J1","QUVE",3,NA,NA,NA,NA,NA,NA,NA,NA,NA,NA,NA,NA
"627","J1","DIVI",5,NA,NA,NA,NA,NA,NA,NA,NA,NA,NA,NA,NA
"628","J1","CEOC",2,NA,NA,NA,NA,NA,NA,NA,NA,NA,NA,NA,NA
"629","J1","ASTR",2,NA,NA,NA,NA,NA,NA,NA,NA,NA,NA,NA,NA
"630","J2","QUAL",7,NA,NA,NA,NA,NA,NA,1,NA,"Emily, Lilly","6/30/2025","",656
"631","J2","CEOC",2,3,NA,NA,NA,NA,NA,1,NA,"Emily, Lilly","6/30/2025","",650
"632","J2","CEOC",2,3,NA,NA,NA,NA,NA,1,NA,"Emily, Lilly","6/30/2025","",653
"633","J2","RHCA",2,1,NA,NA,NA,NA,NA,NA,NA,NA,NA,NA,NA
"634","J2","VIAC",1,NA,NA,NA,NA,NA,NA,NA,NA,NA,NA,NA,NA
"635","J2","QUVE",5,NA,NA,NA,NA,NA,NA,1,NA,"Emily, Lilly","6/30/2025","",649
"636","J2","QUVE",5,NA,NA,NA,NA,NA,NA,1,NA,"Emily, Lilly","6/30/2025","",652
"637","J2","QUVE",5,NA,NA,NA,NA,NA,NA,1,NA,"Emily, Lilly","6/30/2025","",655
"638","J2","CECA",5,NA,NA,NA,NA,NA,NA,NA,NA,NA,NA,NA,NA
"639","J2","CAGL",2,NA,NA,NA,NA,NA,NA,1,NA,"Emily, Lilly","6/30/2025","",647
"640","J2","QUNI",1,NA,NA,NA,NA,NA,NA,NA,NA,NA,NA,NA,NA
"641","J3","HYAR",2,NA,NA,NA,NA,NA,NA,NA,NA,NA,NA,NA,NA
"642","J3","ASTR",3,NA,NA,NA,NA,NA,NA,NA,NA,NA,NA,NA,NA
"643","J3","CECA",6,NA,NA,NA,NA,NA,NA,NA,NA,NA,NA,NA,NA
"644","J3","CEOC",3,NA,NA,NA,NA,NA,NA,NA,NA,NA,NA,NA,NA
"645","J3","CAAM",NA,1,NA,NA,NA,NA,NA,NA,NA,NA,NA,NA,NA
"646","J3","CATO",2,NA,NA,NA,NA,NA,NA,NA,NA,NA,NA,NA,NA
"647","J3","RHCA",1,NA,NA,NA,NA,NA,NA,7,1,"Emily, Lilly","6/30/2025","",658
"648","J3","QUVE",2,NA,NA,NA,NA,NA,NA,NA,NA,NA,NA,NA,NA
"649","J4","CATO",2,NA,NA,NA,NA,NA,NA,1,NA,"Emily, Lilly","6/30/2025","",668
"650","J4","CEOC",3,NA,NA,NA,NA,NA,NA,5,NA,"Emily, Lilly","6/30/2025","",663
"651","J4","CECA",2,NA,NA,NA,NA,NA,NA,NA,NA,NA,NA,NA,NA
"652","J4","ASTR",1,NA,NA,NA,NA,NA,NA,1,NA,"Emily, Lilly","6/30/2025","",669
"653","J4","NYSY",1,NA,NA,NA,NA,NA,NA,NA,NA,NA,NA,NA,NA
"654","J4","DIVI",1,NA,NA,NA,NA,NA,NA,NA,NA,NA,NA,NA,NA
"655","J5","CEOC",2,NA,NA,NA,NA,NA,NA,3,NA,"Emily, Lilly","6/30/2025","",674
"656","J5","QURU",1,NA,NA,NA,NA,NA,NA,NA,NA,NA,NA,NA,NA
"657","J5","QUAL",4,NA,NA,NA,NA,NA,NA,1,NA,"Emily, Lilly","6/30/2025","",673
"658","J5","NYSY",NA,1,NA,NA,NA,NA,NA,6,1,"Emily, Lilly","6/30/2025","",670
"659","J5","TIAM",1,NA,NA,NA,NA,NA,NA,NA,NA,NA,NA,NA,NA
"660","J6","QUAL",16,NA,NA,NA,NA,NA,NA,2,NA,"Emily, Lilly","6/30/2025","",680
"661","J6","CECA",4,1,NA,NA,NA,NA,NA,NA,NA,NA,NA,NA,NA
"662","J6","RHCA",1,NA,NA,NA,NA,NA,NA,NA,NA,NA,NA,NA,NA
"663","J6","CEOC",1,NA,NA,NA,NA,NA,NA,NA,NA,NA,NA,NA,NA
"664","J6","CAGL",1,NA,NA,NA,NA,NA,NA,NA,NA,NA,NA,NA,NA
"665","J6","QURU",1,NA,NA,NA,NA,NA,NA,NA,NA,NA,NA,NA,NA
"666","J6","CATO",1,NA,NA,NA,NA,NA,NA,1,NA,"Emily, Lilly","6/30/2025","",681
"667","J7","QUAL",8,NA,NA,NA,NA,NA,NA,13,NA,"Lucy,Tegan","6/30/2025","",684
"668","J7","CEOC",2,NA,NA,NA,NA,NA,NA,NA,NA,NA,NA,NA,NA
"669","J7","CAGL",1,NA,NA,NA,NA,NA,NA,NA,NA,NA,NA,NA,NA
"670","J7","CECA",1,NA,NA,NA,NA,NA,NA,NA,NA,NA,NA,NA,NA
"671","J7","RHCA",3,NA,NA,NA,NA,NA,NA,NA,NA,NA,NA,NA,NA
"672","J8","TIAM",NA,1,NA,NA,NA,NA,NA,NA,NA,NA,NA,NA,NA
"673","J8","QUAL",3,NA,NA,NA,NA,NA,NA,4,NA,"Lucy,Tegan","6/30/2025","",690
"674","J8","CATO",1,NA,NA,NA,NA,NA,NA,4,NA,"Lucy,Tegan","6/30/2025","",692
"675","J8","CEOC",4,1,NA,NA,NA,NA,NA,NA,NA,NA,NA,NA,NA
"676","J8","ASTR",2,NA,NA,NA,NA,NA,NA,1,NA,"Lucy,Tegan","6/30/2025","",691
"677","J9","Cratagus spp.",NA,1,NA,NA,NA,NA,NA,NA,NA,NA,NA,NA,NA
"678","J9","CEOC",20,NA,NA,NA,NA,NA,NA,28,NA,"Lucy,Tegan","6/30/2025","",697
"679","J9","CECA",1,NA,NA,NA,NA,NA,NA,NA,NA,NA,NA,NA,NA
"680","J9","DIVI",2,NA,NA,NA,NA,NA,NA,NA,NA,NA,NA,NA,NA
"681","J9","QURU",1,NA,NA,NA,NA,NA,NA,1,NA,"Lucy,Tegan","6/30/2025","",707
"682","J9","ASTR",5,NA,NA,NA,NA,NA,NA,2,NA,"Lucy,Tegan","6/30/2025","",706
"683","J10","CATO",1,1,NA,NA,NA,NA,NA,NA,NA,NA,NA,NA,NA
"684","J10","QURU",1,NA,NA,NA,NA,NA,NA,NA,NA,NA,NA,NA,NA
"685","J10","QUAL",2,NA,NA,NA,NA,NA,NA,NA,NA,NA,NA,NA,NA
"686","J10","QUVE",1,NA,NA,NA,NA,NA,NA,1,NA,"Lucy,Tegan","6/30/2025","",645
"687","J10","QUFA",1,NA,NA,NA,NA,NA,NA,NA,NA,NA,NA,NA,NA
"688","A1","ASTR",NA,NA,NA,NA,NA,NA,NA,2,NA,"Emily, Lilly","7/7/2025","",6
"689","A1","DIVI5",NA,NA,NA,NA,NA,NA,NA,1,NA,"Emily, Lilly","7/7/2025","",4
"690","A1","QUAL",NA,NA,NA,NA,NA,NA,NA,1,NA,"Emily, Lilly","7/7/2025","",8
"691","A1","SAAL5",NA,NA,NA,NA,NA,NA,NA,1,NA,"Emily, Lilly","7/7/2025","",5
"692","A10","DIVI5",NA,NA,NA,NA,NA,NA,NA,1,NA,"Emily, Lilly","7/7/2025","",12
"693","A10","NYSY",NA,NA,NA,NA,NA,NA,NA,1,NA,"Emily, Lilly","7/7/2025","",13
"694","A2","CATO",NA,NA,NA,NA,NA,NA,NA,5,NA,"Emily, Lilly","7/7/2025","",18
"695","A2","CEOC",NA,NA,NA,NA,NA,NA,NA,3,NA,"Emily, Lilly","7/7/2025","",15
"696","A2","QURU",NA,NA,NA,NA,NA,NA,NA,2,NA,"Emily, Lilly","7/7/2025","",20
"697","A2","QUVE",NA,NA,NA,NA,NA,NA,NA,2,NA,"Emily, Lilly","7/7/2025","",21
"698","A2","RHCA",NA,NA,NA,NA,NA,NA,NA,7,NA,"Emily, Lilly","7/7/2025","",16
"699","A3","CAAM2",NA,NA,NA,NA,NA,NA,NA,1,1,"Emily, Lilly","7/7/2025","",28
"700","A3","CEOC",NA,NA,NA,NA,NA,NA,NA,5,NA,"Emily, Lilly","7/7/2025","",23
"701","A3","RHCA",NA,NA,NA,NA,NA,NA,NA,2,NA,"Emily, Lilly","7/7/2025","",22
"702","A4","ACRU",NA,NA,NA,NA,NA,NA,NA,1,NA,"Emily, Lilly","7/7/2025","",33
"703","A4","AEPA",NA,NA,NA,NA,NA,NA,NA,3,NA,"Emily, Lilly","7/7/2025","",30
"704","A4","TIAM",NA,NA,NA,NA,NA,NA,NA,1,NA,"Emily, Lilly","7/7/2025","",35
"705","A5","CAGL",NA,NA,NA,NA,NA,NA,NA,3,NA,"Emily, Lilly","7/7/2025","",38
"706","A5","DIVI5",NA,NA,NA,NA,NA,NA,NA,NA,1,"Emily, Lilly","7/7/2025","",42
"707","A5","NYSY",NA,NA,NA,NA,NA,NA,NA,1,NA,"Emily, Lilly","7/7/2025","",40
"708","A5","QUVE",NA,NA,NA,NA,NA,NA,NA,1,NA,"Emily, Lilly","7/7/2025","",39
"709","A6","CAGL",NA,NA,NA,NA,NA,NA,NA,1,NA,"Emily, Lilly","7/7/2025","",48
"710","A6","DIVI5",NA,NA,NA,NA,NA,NA,NA,1,NA,"Emily, Lilly","7/7/2025","",44
"711","A7","AEPA",NA,NA,NA,NA,NA,NA,NA,2,NA,"Emily, Lilly","7/7/2025","",54
"712","A7","CATO",NA,NA,NA,NA,NA,NA,NA,2,NA,"Emily, Lilly","7/7/2025","",50
"713","A7","DIVI5",NA,NA,NA,NA,NA,NA,NA,5,NA,"Emily, Lilly","7/7/2025","",51
"714","A7","QUVE",NA,NA,NA,NA,NA,NA,NA,1,NA,"Emily, Lilly","7/7/2025","",52
"715","A8","DIVI5",NA,NA,NA,NA,NA,NA,NA,4,NA,"Emily, Lilly","7/7/2025","",60
"716","A8","PRAL7",NA,NA,NA,NA,NA,NA,NA,1,NA,"Emily, Lilly","7/7/2025","",58
"717","A9","Crataegus spp.",NA,NA,NA,NA,NA,NA,NA,1,NA,"Emily, Lilly","7/7/2025","",65
"718","A9","DIVI5",NA,NA,NA,NA,NA,NA,NA,4,1,"Emily, Lilly","7/7/2025","",64
"719","B1","AEPA",NA,NA,NA,NA,NA,NA,NA,2,NA,"Emily, Lilly","6/19/2025","",66
"720","B1","CAAM2",NA,NA,NA,NA,NA,NA,NA,1,1,"Emily, Lilly","6/19/2025","",72
"721","B1","CEOC",NA,NA,NA,NA,NA,NA,NA,2,NA,"Emily, Lilly","6/19/2025","",69
"722","B1","PRAL7",NA,NA,NA,NA,NA,NA,NA,3,NA,"Emily, Lilly","6/19/2025","",70
"723","B1","QUVE",NA,NA,NA,NA,NA,NA,NA,6,NA,"Emily, Lilly","6/19/2025","",68
"724","B1","RHCA",NA,NA,NA,NA,NA,NA,NA,2,3,"Emily, Lilly","6/19/2025","",71
"725","B10","CAAM2",NA,NA,NA,NA,NA,NA,NA,1,NA,"Emily, Lucy","6/18/2025","",78
"726","B10","CECA4",NA,NA,NA,NA,NA,NA,NA,1,NA,"Emily, Lucy","6/18/2025","",76
"727","B10","DIVI5",NA,NA,NA,NA,NA,NA,NA,1,NA,"Emily, Lucy","6/18/2025","",80
"728","B10","QUVE",NA,NA,NA,NA,NA,NA,NA,3,NA,"Emily, Lucy","6/18/2025","",81
"729","B10","RHCA",NA,NA,NA,NA,NA,NA,NA,1,NA,"Emily, Lucy","6/18/2025","",82
"730","B2","CAAM2",NA,NA,NA,NA,NA,NA,NA,3,3,"Lilly, Emily","6/19/2025","",83
"731","B2","CAAM2",NA,NA,NA,NA,NA,NA,NA,2,NA,"Lilly, Emily","6/19/2025","",89
"732","B2","DIVI5",NA,NA,NA,NA,NA,NA,NA,1,NA,"Lilly, Emily","6/19/2025","",90
"733","B3","DIVI5",NA,NA,NA,NA,NA,NA,NA,3,NA,"Lilly, Emily","6/19/2025","",94
"734","B3","RHCA",NA,NA,NA,NA,NA,NA,NA,2,2,"Lilly, Emily","6/19/2025","",97
"735","B4","CAAM2",NA,NA,NA,NA,NA,NA,NA,2,NA,"Lilly, Emily","6/19/2025","",99
"736","B4","CEOC",NA,NA,NA,NA,NA,NA,NA,2,NA,"Lilly, Emily","6/19/2025","",102
"737","B4","TIAM",NA,NA,NA,NA,NA,NA,NA,1,NA,"Lilly, Emily","6/19/2025","",105
"738","B5","CAFL22",NA,NA,NA,NA,NA,NA,NA,1,NA,"Lilly, Emily","6/19/2025","",112
"739","B5","DIVI5",NA,NA,NA,NA,NA,NA,NA,3,NA,"Lilly, Emily","6/19/2025","",113
"740","B5","QUVE",NA,NA,NA,NA,NA,NA,NA,1,NA,"Lilly, Emily","6/19/2025","",107
"741","B5","RHCA",NA,NA,NA,NA,NA,NA,NA,5,2,"Lilly, Emily","6/19/2025","",106
"742","B6","CAFL22",NA,NA,NA,NA,NA,NA,NA,2,NA,"Lilly, Emily","6/19/2025","",119
"743","B6","CATO",NA,NA,NA,NA,NA,NA,NA,2,NA,"Lilly, Emily","6/19/2025","",121
"744","B6","DIVI5",NA,NA,NA,NA,NA,NA,NA,1,NA,"Lilly, Emily","6/19/2025","",123
"745","B6","QURU",NA,NA,NA,NA,NA,NA,NA,1,NA,"Lilly, Emily","6/19/2025","",120
"746","B7","AEPA",NA,NA,NA,NA,NA,NA,NA,4,NA,"Lilly, Emily","6/19/2025","",131
"747","B7","ASTR",NA,NA,NA,NA,NA,NA,NA,2,NA,"Lilly, Emily","6/19/2025","",134
"748","B7","NYSY",NA,NA,NA,NA,NA,NA,NA,3,NA,"Lilly, Emily","6/19/2025","",133
"749","B7","NYSY",NA,NA,NA,NA,NA,NA,NA,1,NA,"Lilly, Emily","6/19/2025","",126
"750","B8","CAGL",NA,NA,NA,NA,NA,NA,NA,1,NA,"Lilly, Emily","6/19/2025","",136
"751","B9","CATO",NA,NA,NA,NA,NA,NA,NA,2,NA,"Emily, Lucy","6/18/2025","",140
"752","B9","PRAL7",NA,NA,NA,NA,NA,NA,NA,1,NA,"Emily, Lucy","6/18/2025","",145
"753","B9","QUVE",NA,NA,NA,NA,NA,NA,NA,3,NA,"Emily, Lucy","6/18/2025","",146
"754","B9","VIAC",NA,NA,NA,NA,NA,NA,NA,1,NA,"Emily, Lucy","6/18/2025","",143
"755","C1","ASTR",NA,NA,NA,NA,NA,NA,NA,1,NA,"Lilly, Emily","6/19/2025","",149
"756","C1","CAAM2",NA,NA,NA,NA,NA,NA,NA,3,NA,"Lilly, Emily","6/19/2025","",154
"757","C1","DIVI5",NA,NA,NA,NA,NA,NA,NA,1,NA,"Lilly, Emily","6/19/2025","",151
"758","C1","HATE3",NA,NA,NA,NA,NA,NA,NA,2,NA,"Lilly, Emily","6/19/2025","",159
"759","C1","PRAL7",NA,NA,NA,NA,NA,NA,NA,1,NA,"Lilly, Emily","6/19/2025","",157
"760","C1","QUVE",NA,NA,NA,NA,NA,NA,NA,2,NA,"Lilly, Emily","6/19/2025","",150
"761","C1","RHCA",NA,NA,NA,NA,NA,NA,NA,6,1,"Lilly, Emily","6/19/2025","",155
"762","C1","TIAM",NA,NA,NA,NA,NA,NA,NA,1,NA,"Lilly, Emily","6/19/2025","",158
"763","C10","QUVE",NA,NA,NA,NA,NA,NA,NA,1,NA,"Lilly, Emily","6/19/2025","",164
"764","C2","CAAM2",NA,NA,NA,NA,NA,NA,NA,2,NA,"Emily, Lilly","6/19/2025","",170
"765","C2","DIVI5",NA,NA,NA,NA,NA,NA,NA,1,NA,"Emily, Lilly","6/19/2025","",167
"766","C2","QUVE",NA,NA,NA,NA,NA,NA,NA,1,NA,"Emily, Lilly","6/19/2025","",169
"767","C3","DIVI5",NA,NA,NA,NA,NA,NA,NA,2,NA,"Emily, Lilly","6/19/2025","",171
"768","C3","PRAL7",NA,NA,NA,NA,NA,NA,NA,1,NA,"Emily, Lilly","6/19/2025","",177
"769","C3","QUVE",NA,NA,NA,NA,NA,NA,NA,1,NA,"Emily, Lilly","6/19/2025","",175
"770","C3","RHCA",NA,NA,NA,NA,NA,NA,NA,8,NA,"Emily, Lilly","6/19/2025","",173
"771","C4","DIVI5",NA,NA,NA,NA,NA,NA,NA,3,NA,"Emily, Lilly","6/27/2025","",181
"772","C5","AEPA",NA,NA,NA,NA,NA,NA,NA,1,NA,"Emily, Lilly","6/27/2025","",186
"773","C5","CATO",NA,NA,NA,NA,NA,NA,NA,4,NA,"Emily, Lilly","6/27/2025","",184
"774","C5","NYSY",NA,NA,NA,NA,NA,NA,NA,1,NA,"Emily, Lilly","6/27/2025","",188
"775","C5","PRAL7",NA,NA,NA,NA,NA,NA,NA,1,NA,"Emily, Lilly","6/27/2025","",189
"776","C6","CATO",NA,NA,NA,NA,NA,NA,NA,1,NA,"Emily, Lilly","6/27/2025","",191
"777","C6","QUVE",NA,NA,NA,NA,NA,NA,NA,1,NA,"Emily, Lilly","6/27/2025","",194
"778","C7","ACRU",NA,NA,NA,NA,NA,NA,NA,1,NA,"Emily, Lilly","6/27/2025","",202
"779","C7","DIVI5",NA,NA,NA,NA,NA,NA,NA,1,NA,"Emily, Lilly","6/27/2025","",195
"780","C7","LIST2",NA,NA,NA,NA,NA,NA,NA,1,NA,"Emily, Lilly","6/27/2025","",201
"781","C7","QUVE",NA,NA,NA,NA,NA,NA,NA,3,NA,"Emily, Lilly","6/27/2025","",200
"782","C8","AEPA",NA,NA,NA,NA,NA,NA,NA,3,NA,"Emily, Lilly","6/27/2025","",207
"783","C8","CAFL22",NA,NA,NA,NA,NA,NA,NA,1,NA,"Emily, Lilly","6/27/2025","",211
"784","C8","CEOC",NA,NA,NA,NA,NA,NA,NA,1,NA,"Emily, Lilly","6/27/2025","",206
"785","C8","DIVI5",NA,NA,NA,NA,NA,NA,NA,1,NA,"Emily, Lilly","6/27/2025","",210
"786","C8","SAAL5",NA,NA,NA,NA,NA,NA,NA,1,NA,"Emily, Lilly","6/27/2025","",205
"787","C9","ACRU",NA,NA,NA,NA,NA,NA,NA,1,NA,"Emily, Lilly","6/27/2025","",223
"788","C9","AEPA",NA,NA,NA,NA,NA,NA,NA,1,NA,"Emily, Lilly","6/27/2025","",221
"789","C9","Crataegus spp.",NA,NA,NA,NA,NA,NA,NA,0,3,"Emily, Lilly","6/27/2025","",214
"790","D1","CAFL22",NA,NA,NA,NA,NA,NA,NA,3,NA,"","","",224
"791","D1","MORU2",NA,NA,NA,NA,NA,NA,NA,3,NA,"","","",228
"792","D10","CATO",NA,NA,NA,NA,NA,NA,NA,2,NA,"Emily, Lilly","6/27/2025","",231
"793","D10","RHCA",NA,NA,NA,NA,NA,NA,NA,1,1,"Emily, Lilly","6/27/2025","",229
"794","D2","CAFL22",NA,NA,NA,NA,NA,NA,NA,1,NA,"","","",235
"795","D2","HATE3",NA,NA,NA,NA,NA,NA,NA,15,NA,"","","",234
"796","D3","Crataegus spp.",NA,NA,NA,NA,NA,NA,NA,1,NA,"","","",246
"797","D3","DIVI5",NA,NA,NA,NA,NA,NA,NA,1,NA,"","","",244
"798","D3","TIAM",NA,NA,NA,NA,NA,NA,NA,1,NA,"","","",247
"799","D4","DIVI5",NA,NA,NA,NA,NA,NA,NA,1,NA,"","","",251
"800","D5","CAGL",NA,NA,NA,NA,NA,NA,NA,1,NA,"","","",256
"801","D5","DIVI5",NA,NA,NA,NA,NA,NA,NA,1,NA,"","","",258
"802","D6","DIVI5",NA,NA,NA,NA,NA,NA,NA,2,NA,"","","",263
"803","D6","PRAL7",NA,NA,NA,NA,NA,NA,NA,2,NA,"","","",262
"804","D6","PRUM",NA,NA,NA,NA,NA,NA,NA,2,NA,"","","",264
"805","D7","ACRU",NA,NA,NA,NA,NA,NA,NA,1,NA,"","","",272
"806","D7","CAFL22",NA,NA,NA,NA,NA,NA,NA,4,NA,"","","",271
"807","D7","PRAL7",NA,NA,NA,NA,NA,NA,NA,1,NA,"","","",268
"808","D7","QURU",NA,NA,NA,NA,NA,NA,NA,1,NA,"","","",270
"809","D8","CATO",NA,NA,NA,NA,NA,NA,NA,1,NA,"Emily, Lilly","6/27/2025","",279
"810","D8","NYSY",NA,NA,NA,NA,NA,NA,NA,1,NA,"Emily, Lilly","6/27/2025","",277
"811","D9","CAGL",NA,NA,NA,NA,NA,NA,NA,1,NA,"Emily, Lilly","6/27/2025","",282
"812","D9","FRPE",NA,NA,NA,NA,NA,NA,NA,1,NA,"Emily, Lilly","6/27/2025","",285
"813","D9","NYSY",NA,NA,NA,NA,NA,NA,NA,1,NA,"Emily, Lilly","6/27/2025","",284
"814","D9","QUVE",NA,NA,NA,NA,NA,NA,NA,1,NA,"Emily, Lilly","6/27/2025","",283
"815","E1","HATE3",NA,NA,NA,NA,NA,NA,NA,19,NA,"","","",288
"816","E1","LIST2",NA,NA,NA,NA,NA,NA,NA,1,NA,"","","",287
"817","E10","AEPA",NA,NA,NA,NA,NA,NA,NA,2,NA,"Emily,Tegan","6/27/2025","",296
"818","E10","CAAM2",NA,NA,NA,NA,NA,NA,NA,1,NA,"Emily,Tegan","6/27/2025","",298
"819","E10","CAGL",NA,NA,NA,NA,NA,NA,NA,3,NA,"Emily,Tegan","6/27/2025","",297
"820","E10","CECA4",NA,NA,NA,NA,NA,NA,NA,1,NA,"Emily,Tegan","6/27/2025","",295
"821","E10","Crataegus spp.",NA,NA,NA,NA,NA,NA,NA,1,NA,"Emily,Tegan","6/27/2025","",300
"822","E2","CAAM2",NA,NA,NA,NA,NA,NA,NA,1,NA,"","","",306
"823","E2","CEOC",NA,NA,NA,NA,NA,NA,NA,1,NA,"","","",302
"824","E2","DIVI5",NA,NA,NA,NA,NA,NA,NA,2,NA,"","","",304
"825","E2","HATE3",NA,NA,NA,NA,NA,NA,NA,41,NA,"","","",303
"826","E2","MORU2",NA,NA,NA,NA,NA,NA,NA,1,NA,"","","",305
"827","E2","RHCA",NA,NA,NA,NA,NA,NA,NA,25,NA,"","","",301
"828","E3","CAFL22",NA,NA,NA,NA,NA,NA,NA,2,NA,"","","",308
"829","E3","CEOC",NA,NA,NA,NA,NA,NA,NA,1,NA,"","","",314
"830","E3","DIVI5",NA,NA,NA,NA,NA,NA,NA,3,NA,"","","",311
"831","E3","NYSY",NA,NA,NA,NA,NA,NA,NA,1,NA,"","","",312
"832","E4","CATO",NA,NA,NA,NA,NA,NA,NA,1,NA,"","","",319
"833","E5","AEPA",NA,NA,NA,NA,NA,NA,NA,1,NA,"Emily,Tegan","6/27/2025","",323
"834","E5","CAAM2",NA,NA,NA,NA,NA,NA,NA,1,NA,"Emily,Tegan","6/27/2025","",326
"835","E5","DIVI5",NA,NA,NA,NA,NA,NA,NA,1,NA,"Emily,Tegan","6/27/2025","",325
"836","E5","QUVE",NA,NA,NA,NA,NA,NA,NA,1,NA,"Emily,Tegan","6/27/2025","",320
"837","E5","SAAL5",NA,NA,NA,NA,NA,NA,NA,4,NA,"Emily,Tegan","6/27/2025","",324
"838","E6","CEOC",NA,NA,NA,NA,NA,NA,NA,0,1,"Emily,Tegan","6/27/2025","",329
"839","E7","ASTR",NA,NA,NA,NA,NA,NA,NA,1,NA,"Emily,Tegan","6/27/2025","",335
"840","E7","CAGL",NA,NA,NA,NA,NA,NA,NA,3,NA,"Emily,Tegan","6/27/2025","",332
"841","E7","CEOC",NA,NA,NA,NA,NA,NA,NA,1,NA,"Emily,Tegan","6/27/2025","",333
"842","E7","DIVI5",NA,NA,NA,NA,NA,NA,NA,0,1,"Emily,Tegan","6/27/2025","",336
"843","E7","NYSY",NA,NA,NA,NA,NA,NA,NA,2,NA,"Emily,Tegan","6/27/2025","",334
"844","E7","QUVE",NA,NA,NA,NA,NA,NA,NA,2,NA,"Emily,Tegan","6/27/2025","",330
"845","E8","ASTR",NA,NA,NA,NA,NA,NA,NA,1,NA,"Emily,Tegan","6/27/2025","",341
"846","E8","CAFL22",NA,NA,NA,NA,NA,NA,NA,1,NA,"Emily,Tegan","6/27/2025","",342
"847","E8","DIVI5",NA,NA,NA,NA,NA,NA,NA,5,NA,"Emily,Tegan","6/27/2025","",340
"848","E9","CAAM2",NA,NA,NA,NA,NA,NA,NA,3,NA,"Emily,Tegan","6/27/2025","",346
"849","E9","CAGL",NA,NA,NA,NA,NA,NA,NA,2,NA,"Emily,Tegan","6/27/2025","",345
"850","E9","CEOC",NA,NA,NA,NA,NA,NA,NA,1,NA,"Emily,Tegan","6/27/2025","",350
"851","E9","DIVI5",NA,NA,NA,NA,NA,NA,NA,1,NA,"Emily,Tegan","6/27/2025","",347
"852","E9","RHCA",NA,NA,NA,NA,NA,NA,NA,1,NA,"Emily,Tegan","6/27/2025","",344
"853","F1","ACRU",NA,NA,NA,NA,NA,NA,NA,1,NA,"Lucy,Lilly","6/27/2025","",356
"854","F1","CAAM2",NA,NA,NA,NA,NA,NA,NA,2,NA,"Lucy,Lilly","6/27/2025","",353
"855","F1","CATO",NA,NA,NA,NA,NA,NA,NA,1,NA,"Lucy,Lilly","6/27/2025","",357
"856","F1","CHVI3",NA,NA,NA,NA,NA,NA,NA,2,NA,"Lucy,Lilly","6/27/2025","",351
"857","F1","HATE3",NA,NA,NA,NA,NA,NA,NA,23,NA,"Lucy,Lilly","6/27/2025","",352
"858","F10","ACRU",NA,NA,NA,NA,NA,NA,NA,1,NA,"Emily,Tegan","6/27/2025","",365
"859","F10","AEPA",NA,NA,NA,NA,NA,NA,NA,2,NA,"Emily,Tegan","6/27/2025","",360
"860","F10","CAFL22",NA,NA,NA,NA,NA,NA,NA,1,NA,"Emily,Tegan","6/27/2025","",364
"861","F10","CAGL",NA,NA,NA,NA,NA,NA,NA,3,NA,"Emily,Tegan","6/27/2025","",362
"862","F10","HAVI",NA,NA,NA,NA,NA,NA,NA,9,NA,"Emily,Tegan","6/27/2025","",363
"863","F10","PRAL7",NA,NA,NA,NA,NA,NA,NA,1,NA,"Emily,Tegan","6/27/2025","",366
"864","F2","ACRU",NA,NA,NA,NA,NA,NA,NA,1,NA,"Lucy,Lilly","6/27/2025","",370
"865","F2","CAGL",NA,NA,NA,NA,NA,NA,NA,4,NA,"Lucy,Lilly","6/27/2025","",369
"866","F2","CEOC",NA,NA,NA,NA,NA,NA,NA,2,NA,"Lucy,Lilly","6/27/2025","",368
"867","F2","HATE3",NA,NA,NA,NA,NA,NA,NA,50,NA,"Lucy,Lilly","6/27/2025","",367
"868","F2","QUVE",NA,NA,NA,NA,NA,NA,NA,2,NA,"Lucy,Lilly","6/27/2025","",371
"869","F2","RHCA",NA,NA,NA,NA,NA,NA,NA,0,1,"Lucy,Lilly","6/27/2025","",373
"870","F3","CAGL",NA,NA,NA,NA,NA,NA,NA,1,NA,"Lucy,Lilly","6/27/2025","",381
"871","F3","CHVI3",NA,NA,NA,NA,NA,NA,NA,1,NA,"Lucy,Lilly","6/27/2025","",382
"872","F3","DIVI5",NA,NA,NA,NA,NA,NA,NA,1,NA,"Lucy,Lilly","6/27/2025","",375
"873","F3","HATE3",NA,NA,NA,NA,NA,NA,NA,27,6,"Lucy,Lilly","6/27/2025","",374
"874","F3","QUVE",NA,NA,NA,NA,NA,NA,NA,1,NA,"Lucy,Lilly","6/27/2025","",376
"875","F3","TIAM",NA,NA,NA,NA,NA,NA,NA,1,NA,"Lucy,Lilly","6/27/2025","",380
"876","F4","AEPA",NA,NA,NA,NA,NA,NA,NA,2,NA,"Lucy,Lilly","6/27/2025","",383
"877","F4","HATE3",NA,NA,NA,NA,NA,NA,NA,1,NA,"Lucy,Lilly","6/27/2025","",385
"878","F4","NYSY",NA,NA,NA,NA,NA,NA,NA,1,NA,"Lucy,Lilly","6/27/2025","",388
"879","F5","TIAM",NA,NA,NA,NA,NA,NA,NA,1,NA,"Lucy,Lilly","6/27/2025","",392
"880","F6","ASTR",NA,NA,NA,NA,NA,NA,NA,3,NA,"Lucy,Lilly","6/27/2025","",398
"881","F6","HYAR",NA,NA,NA,NA,NA,NA,NA,5,NA,"Lucy,Lilly","6/27/2025","",397
"882","F7","DIVI5",NA,NA,NA,NA,NA,NA,NA,0,2,"Lucy,Lilly","6/27/2025","",399
"883","F7","HYAR",NA,NA,NA,NA,NA,NA,NA,2,NA,"Lucy,Lilly","6/27/2025","",400
"884","F7","NYSY",NA,NA,NA,NA,NA,NA,NA,1,NA,"Lucy,Lilly","6/27/2025","",403
"885","F8","CAAM2",NA,NA,NA,NA,NA,NA,NA,1,NA,"Emily,Tegan","6/27/2025","",407
"886","F8","QUAL",NA,NA,NA,NA,NA,NA,NA,1,NA,"Emily,Tegan","6/27/2025","",406
"887","F9","CAFL22",NA,NA,NA,NA,NA,NA,NA,1,NA,"Emily,Tegan","6/27/2025","",413
"888","F9","NYSY",NA,NA,NA,NA,NA,NA,NA,2,NA,"Emily,Tegan","6/27/2025","",412
"889","F9","TIAM",NA,NA,NA,NA,NA,NA,NA,2,NA,"Emily,Tegan","6/27/2025","",410
"890","G1","CECA4",NA,NA,NA,NA,NA,NA,NA,1,NA,"Lucy,Lilly","6/27/2025","",414
"891","G1","DIVI5",NA,NA,NA,NA,NA,NA,NA,1,NA,"Lucy,Lilly","6/27/2025","",415
"892","G1","HATE3",NA,NA,NA,NA,NA,NA,NA,12,NA,"Lucy,Lilly","6/27/2025","",416
"893","G1","LIST2",NA,NA,NA,NA,NA,NA,NA,1,NA,"Lucy,Lilly","6/27/2025","",418
"894","G1","NYSY",NA,NA,NA,NA,NA,NA,NA,1,NA,"Lucy,Lilly","6/27/2025","",419
"895","G10","CAGL",NA,NA,NA,NA,NA,NA,NA,3,NA,"Emily,Tegan","6/27/2025","",425
"896","G10","DIVI5",NA,NA,NA,NA,NA,NA,NA,1,NA,"Emily,Tegan","6/27/2025","",428
"897","G10","NYSY",NA,NA,NA,NA,NA,NA,NA,NA,NA,"Emily,Tegan","6/27/2025","",427
"898","G10","SAAL5",NA,NA,NA,NA,NA,NA,NA,1,NA,"Emily,Tegan","6/27/2025","",429
"899","G10","TIAM",NA,NA,NA,NA,NA,NA,NA,1,NA,"Emily,Tegan","6/27/2025","",424
"900","G2","CEOC",NA,NA,NA,NA,NA,NA,NA,1,NA,"Lucy,Lilly","6/27/2025","",434
"901","G2","DIVI5",NA,NA,NA,NA,NA,NA,NA,1,NA,"Lucy,Lilly","6/27/2025","",431
"902","G2","HATE3",NA,NA,NA,NA,NA,NA,NA,48,5,"Lucy,Lilly","6/27/2025","",430
"903","G2","LIST2",NA,NA,NA,NA,NA,NA,NA,2,NA,"Lucy,Lilly","6/27/2025","",435
"904","G2","PRAL7",NA,NA,NA,NA,NA,NA,NA,1,NA,"Lucy,Lilly","6/27/2025","",432
"905","G3","ACRU",NA,NA,NA,NA,NA,NA,NA,1,NA,"Lucy,Lilly","6/27/2025","",446
"906","G3","CAFL22",NA,NA,NA,NA,NA,NA,NA,1,NA,"Lucy,Lilly","6/27/2025","",444
"907","G3","CAGL",NA,NA,NA,NA,NA,NA,NA,1,NA,"Lucy,Lilly","6/27/2025","",443
"908","G3","CATO",NA,NA,NA,NA,NA,NA,NA,1,NA,"Lucy,Lilly","6/27/2025","",445
"909","G3","CEOC",NA,NA,NA,NA,NA,NA,NA,1,NA,"Lucy,Lilly","6/27/2025","",440
"910","G3","HATE3",NA,NA,NA,NA,NA,NA,NA,17,8,"Lucy,Lilly","6/27/2025","",438
"911","G3","HYAR",NA,NA,NA,NA,NA,NA,NA,4,NA,"Lucy,Lilly","6/27/2025","",442
"912","G3","QUVE",NA,NA,NA,NA,NA,NA,NA,1,NA,"Lucy,Lilly","6/27/2025","",441
"913","G4","CAFL22",NA,NA,NA,NA,NA,NA,NA,1,NA,"Emily,Tegan","6/27/2025","",451
"914","G4","FAGR",NA,NA,NA,NA,NA,NA,NA,1,NA,"Emily,Tegan","6/27/2025","",452
"915","G4","HATE3",NA,NA,NA,NA,NA,NA,NA,10,6,"Emily,Tegan","6/27/2025","",447
"916","G4","HYAR",NA,NA,NA,NA,NA,NA,NA,6,NA,"Emily,Tegan","6/27/2025","",450
"917","G5","CECA4",NA,NA,NA,NA,NA,NA,NA,1,NA,"Emily,Tegan","6/27/2025","",456
"918","G5","CEOC",NA,NA,NA,NA,NA,NA,NA,1,NA,"Emily,Tegan","6/27/2025","",461
"919","G5","DIVI5",NA,NA,NA,NA,NA,NA,NA,1,NA,"Emily,Tegan","6/27/2025","",459
"920","G5","NYSY",NA,NA,NA,NA,NA,NA,NA,1,NA,"Emily,Tegan","6/27/2025","",462
"921","G5","PRAL7",NA,NA,NA,NA,NA,NA,NA,1,NA,"Emily,Tegan","6/27/2025","",463
"922","G5","TIAM",NA,NA,NA,NA,NA,NA,NA,1,NA,"Emily,Tegan","6/27/2025","",460
"923","G5","VIAC",NA,NA,NA,NA,NA,NA,NA,1,NA,"Emily,Tegan","6/27/2025","",455
"924","G6","DIVI5",NA,NA,NA,NA,NA,NA,NA,2,NA,"Emily,Tegan","6/27/2025","",464
"925","G6","HATE3",NA,NA,NA,NA,NA,NA,NA,1,NA,"Emily,Tegan","6/27/2025","",471
"926","G6","RHCA",NA,NA,NA,NA,NA,NA,NA,0,1,"Emily,Tegan","6/27/2025","",468
"927","G7","CAGL",NA,NA,NA,NA,NA,NA,NA,1,NA,"Emily,Tegan","6/27/2025","",478
"928","G7","DIVI5",NA,NA,NA,NA,NA,NA,NA,2,NA,"Emily,Tegan","6/27/2025","",475
"929","G7","HATE3",NA,NA,NA,NA,NA,NA,NA,1,NA,"Emily,Tegan","6/27/2025","",473
"930","G8","CAFL22",NA,NA,NA,NA,NA,NA,NA,1,NA,"Emily,Tegan","6/27/2025","",486
"931","G8","PRUM",NA,NA,NA,NA,NA,NA,NA,2,NA,"Emily,Tegan","6/27/2025","",485
"932","G8","RHCA",NA,NA,NA,NA,NA,NA,NA,0,1,"Emily,Tegan","6/27/2025","",480
"933","G9","CAGL",NA,NA,NA,NA,NA,NA,NA,7,NA,"Emily,Tegan","6/27/2025","",490
"934","G9","CECA4",NA,NA,NA,NA,NA,NA,NA,1,NA,"Emily,Tegan","6/27/2025","",488
"935","H1","CATO",NA,NA,NA,NA,NA,NA,NA,1,NA,"Emily,Tegan","6/27/2025","",502
"936","H1","Crataegus spp.",NA,NA,NA,NA,NA,NA,NA,1,NA,"Emily,Tegan","6/27/2025","",498
"937","H1","DIVI5",NA,NA,NA,NA,NA,NA,NA,2,NA,"Emily,Tegan","6/27/2025","",500
"938","H1","HATE3",NA,NA,NA,NA,NA,NA,NA,7,NA,"Emily,Tegan","6/27/2025","",497
"939","H1","LIST2",NA,NA,NA,NA,NA,NA,NA,0,1,"Emily,Tegan","6/27/2025","",506
"940","H1","NYSY",NA,NA,NA,NA,NA,NA,NA,0,1,"Emily,Tegan","6/27/2025","",501
"941","H10","CECA4",NA,NA,NA,NA,NA,NA,NA,1,NA,"Emily, Lilly","6/30/2025","",509
"942","H10","CEOC",NA,NA,NA,NA,NA,NA,NA,1,NA,"Emily, Lilly","6/30/2025","",512
"943","H2","ASTR",NA,NA,NA,NA,NA,NA,NA,1,NA,"Emily,Tegan","6/27/2025","",520
"944","H2","CAAM2",NA,NA,NA,NA,NA,NA,NA,1,NA,"Emily,Tegan","6/27/2025","",517
"945","H2","DIVI5",NA,NA,NA,NA,NA,NA,NA,3,NA,"Emily,Tegan","6/27/2025","",514
"946","H2","HATE3",NA,NA,NA,NA,NA,NA,NA,12,5,"Emily,Tegan","6/27/2025","",515
"947","H2","HYAR",NA,NA,NA,NA,NA,NA,NA,1,NA,"Emily,Tegan","6/27/2025","",516
"948","H3","AEPA",NA,NA,NA,NA,NA,NA,NA,1,NA,"Emily,Tegan","6/27/2025","",531
"949","H3","CAAM2",NA,NA,NA,NA,NA,NA,NA,9,1,"Emily,Tegan","6/27/2025","",525
"950","H3","CAGL",NA,NA,NA,NA,NA,NA,NA,2,NA,"Emily,Tegan","6/27/2025","",526
"951","H3","CECA4",NA,NA,NA,NA,NA,NA,NA,3,NA,"Emily,Tegan","6/27/2025","",523
"952","H3","HATE3",NA,NA,NA,NA,NA,NA,NA,20,4,"Emily,Tegan","6/27/2025","",524
"953","H3","HYAR",NA,NA,NA,NA,NA,NA,NA,2,NA,"Emily,Tegan","6/27/2025","",530
"954","H3","SAAL5",NA,NA,NA,NA,NA,NA,NA,1,NA,"Emily,Tegan","6/27/2025","",528
"955","H3","TIAM",NA,NA,NA,NA,NA,NA,NA,0,2,"Emily,Tegan","6/27/2025","",529
"956","H4","CECA4",NA,NA,NA,NA,NA,NA,NA,1,NA,"Emily, Lilly","6/30/2025","",541
"957","H4","HATE3",NA,NA,NA,NA,NA,NA,NA,16,11,"Emily, Lilly","6/30/2025","",534
"958","H4","NYSY",NA,NA,NA,NA,NA,NA,NA,1,NA,"Emily, Lilly","6/30/2025","",536
"959","H5","ASTR",NA,NA,NA,NA,NA,NA,NA,3,NA,"Emily, Lilly","6/30/2025","",544
"960","H5","CAGL",NA,NA,NA,NA,NA,NA,NA,2,NA,"Emily, Lilly","6/30/2025","",543
"961","H5","CATO",NA,NA,NA,NA,NA,NA,NA,1,NA,"Emily, Lilly","6/30/2025","",548
"962","H5","DIVI5",NA,NA,NA,NA,NA,NA,NA,1,NA,"Emily, Lilly","6/30/2025","",549
"963","H5","HATE3",NA,NA,NA,NA,NA,NA,NA,5,NA,"Emily, Lilly","6/30/2025","",542
"964","H5","HYAR",NA,NA,NA,NA,NA,NA,NA,4,NA,"Emily, Lilly","6/30/2025","",545
"965","H5","QUAL",NA,NA,NA,NA,NA,NA,NA,1,NA,"Emily, Lilly","6/30/2025","",547
"966","H5","VIAC",NA,NA,NA,NA,NA,NA,NA,1,NA,"Emily, Lilly","6/30/2025","",546
"967","H6","AEPA",NA,NA,NA,NA,NA,NA,NA,2,NA,"Emily, Lilly","6/30/2025","",552
"968","H6","CAFL22",NA,NA,NA,NA,NA,NA,NA,1,NA,"Emily, Lilly","6/30/2025","",554
"969","H6","CAGL",NA,NA,NA,NA,NA,NA,NA,2,NA,"Emily, Lilly","6/30/2025","",551
"970","H6","DIVI5",NA,NA,NA,NA,NA,NA,NA,2,NA,"Emily, Lilly","6/30/2025","",556
"971","H6","HATE3",NA,NA,NA,NA,NA,NA,NA,16,NA,"Emily, Lilly","6/30/2025","",550
"972","H7","DIVI5",NA,NA,NA,NA,NA,NA,NA,1,NA,"Emily, Lilly","6/30/2025","",562
"973","H7","HATE3",NA,NA,NA,NA,NA,NA,NA,23,7,"Emily, Lilly","6/30/2025","",558
"974","H8","ASTR",NA,NA,NA,NA,NA,NA,NA,1,NA,"Emily, Lilly","6/30/2025","",567
"975","H8","CATO",NA,NA,NA,NA,NA,NA,NA,1,NA,"Emily, Lilly","6/30/2025","",565
"976","H8","DIVI5",NA,NA,NA,NA,NA,NA,NA,0,1,"Emily, Lilly","6/30/2025","",566
"977","H8","HATE3",NA,NA,NA,NA,NA,NA,NA,4,3,"Emily, Lilly","6/30/2025","",564
"978","H9","ACRU",NA,NA,NA,NA,NA,NA,NA,1,NA,"Emily, Lilly","6/30/2025","",576
"979","H9","AEPA",NA,NA,NA,NA,NA,NA,NA,1,NA,"Emily, Lilly","6/30/2025","",575
"980","H9","CECA4",NA,NA,NA,NA,NA,NA,NA,0,2,"Emily, Lilly","6/30/2025","",573
"981","H9","SAAL5",NA,NA,NA,NA,NA,NA,NA,1,NA,"Emily, Lilly","6/30/2025","",577
"982","I1","CECA4",NA,NA,NA,NA,NA,NA,NA,1,NA,"Emily, Lilly","6/30/2025","",582
"983","I1","DIVI5",NA,NA,NA,NA,NA,NA,NA,0,1,"Emily, Lilly","6/30/2025","",584
"984","I1","HATE3",NA,NA,NA,NA,NA,NA,NA,3,NA,"Emily, Lilly","6/30/2025","",585
"985","I1","NYSY",NA,NA,NA,NA,NA,NA,NA,2,NA,"Emily, Lilly","6/30/2025","",583
"986","I10","CAAM2",NA,NA,NA,NA,NA,NA,NA,0,1,"Emily, Lilly","6/30/2025","",592
"987","I10","CECA4",NA,NA,NA,NA,NA,NA,NA,3,NA,"Emily, Lilly","6/30/2025","",587
"988","I10","CEOC",NA,NA,NA,NA,NA,NA,NA,2,NA,"Emily, Lilly","6/30/2025","",590
"989","I10","HATE3",NA,NA,NA,NA,NA,NA,NA,3,NA,"Emily, Lilly","6/30/2025","",589
"990","I2","CAAM2",NA,NA,NA,NA,NA,NA,NA,1,NA,"Emily, Lilly","6/30/2025","",596
"991","I2","DIVI5",NA,NA,NA,NA,NA,NA,NA,6,NA,"Emily, Lilly","6/30/2025","",594
"992","I3","CATO",NA,NA,NA,NA,NA,NA,NA,1,NA,"Emily, Lilly","6/30/2025","",601
"993","I3","CECA4",NA,NA,NA,NA,NA,NA,NA,4,NA,"Emily, Lilly","6/30/2025","",599
"994","I3","HATE3",NA,NA,NA,NA,NA,NA,NA,2,NA,"Emily, Lilly","6/30/2025","",600
"995","I4","CECA4",NA,NA,NA,NA,NA,NA,NA,1,NA,"Emily, Lilly","6/30/2025","",603
"996","I4","DIVI5",NA,NA,NA,NA,NA,NA,NA,2,NA,"Emily, Lilly","6/30/2025","",604
"997","I4","HATE3",NA,NA,NA,NA,NA,NA,NA,1,NA,"Emily, Lilly","6/30/2025","",605
"998","I5","CAAM2",NA,NA,NA,NA,NA,NA,NA,2,NA,"Emily, Lilly","6/30/2025","",607
"999","I5","CECA4",NA,NA,NA,NA,NA,NA,NA,1,NA,"Emily, Lilly","6/30/2025","",609
"1000","I6","AEPA",NA,NA,NA,NA,NA,NA,NA,1,NA,"Emily, Lilly","6/30/2025","",611
"1001","I6","ASTR",NA,NA,NA,NA,NA,NA,NA,3,NA,"Emily, Lilly","6/30/2025","",618
"1002","I6","CECA4",NA,NA,NA,NA,NA,NA,NA,2,NA,"Emily, Lilly","6/30/2025","",615
"1003","I6","HATE3",NA,NA,NA,NA,NA,NA,NA,6,3,"Emily, Lilly","6/30/2025","",612
"1004","I6","QUVE",NA,NA,NA,NA,NA,NA,NA,2,NA,"Emily, Lilly","6/30/2025","",614
"1005","I7","AEPA",NA,NA,NA,NA,NA,NA,NA,1,NA,"Emily, Lilly","6/30/2025","",621
"1006","I7","HATE3",NA,NA,NA,NA,NA,NA,NA,1,NA,"Emily, Lilly","6/30/2025","",619
"1007","I7","HYAR",NA,NA,NA,NA,NA,NA,NA,2,NA,"Emily, Lilly","6/30/2025","",623
"1008","I8","DIVI5",NA,NA,NA,NA,NA,NA,NA,1,NA,"Emily, Lilly","6/30/2025","",630
"1009","I8","HATE3",NA,NA,NA,NA,NA,NA,NA,2,1,"Emily, Lilly","6/30/2025","",627
"1010","I8","HYAR",NA,NA,NA,NA,NA,NA,NA,5,NA,"Emily, Lilly","6/30/2025","",629
"1011","I9","CECA4",NA,NA,NA,NA,NA,NA,NA,1,NA,"Emily, Lilly","6/30/2025","",632
"1012","I9","DIVI5",NA,NA,NA,NA,NA,NA,NA,1,NA,"Emily, Lilly","6/30/2025","",634
"1013","I9","HATE3",NA,NA,NA,NA,NA,NA,NA,29,2,"Emily, Lilly","6/30/2025","",631
"1014","J1","AEPA",NA,NA,NA,NA,NA,NA,NA,1,NA,"Emily, Lilly","6/30/2025","",641
"1015","J1","DIVI5",NA,NA,NA,NA,NA,NA,NA,4,NA,"Emily, Lilly","6/30/2025","",638
"1016","J1","HYAR",NA,NA,NA,NA,NA,NA,NA,2,NA,"Emily, Lilly","6/30/2025","",636
"1017","J1","TIAM",NA,NA,NA,NA,NA,NA,NA,4,NA,"Emily, Lilly","6/30/2025","",640
"1018","J10","CAAM2",NA,NA,NA,NA,NA,NA,NA,1,NA,"Lucy,Tegan","6/30/2025","",646
"1019","J10","CEOC",NA,NA,NA,NA,NA,NA,NA,3,NA,"Lucy,Tegan","6/30/2025","",642
"1020","J10","DIVI5",NA,NA,NA,NA,NA,NA,NA,2,NA,"Lucy,Tegan","6/30/2025","",644
"1021","J10","TIAM",NA,NA,NA,NA,NA,NA,NA,2,NA,"Lucy,Tegan","6/30/2025","",643
"1022","J2","CATO",NA,NA,NA,NA,NA,NA,NA,1,NA,"Emily, Lilly","6/30/2025","",651
"1023","J2","CATO",NA,NA,NA,NA,NA,NA,NA,1,NA,"Emily, Lilly","6/30/2025","",654
"1024","J2","NYSY",NA,NA,NA,NA,NA,NA,NA,1,NA,"Emily, Lilly","6/30/2025","",648
"1025","J3","CECA4",NA,NA,NA,NA,NA,NA,NA,10,NA,"Emily, Lilly","6/30/2025","",657
"1026","J3","DIVI5",NA,NA,NA,NA,NA,NA,NA,1,NA,"Emily, Lilly","6/30/2025","",660
"1027","J3","QUAL",NA,NA,NA,NA,NA,NA,NA,2,NA,"Emily, Lilly","6/30/2025","",659
"1028","J4","CAAM2",NA,NA,NA,NA,NA,NA,NA,1,NA,"Emily, Lilly","6/30/2025","",665
"1029","J4","CECA4",NA,NA,NA,NA,NA,NA,NA,8,NA,"Emily, Lilly","6/30/2025","",661
"1030","J4","DIVI5",NA,NA,NA,NA,NA,NA,NA,3,NA,"Emily, Lilly","6/30/2025","",662
"1031","J4","QUAL",NA,NA,NA,NA,NA,NA,NA,1,NA,"Emily, Lilly","6/30/2025","",664
"1032","J4","RHCA",NA,NA,NA,NA,NA,NA,NA,4,NA,"Emily, Lilly","6/30/2025","",666
"1033","J4","TIAM",NA,NA,NA,NA,NA,NA,NA,1,NA,"Emily, Lilly","6/30/2025","",667
"1034","J5","CAAM2",NA,NA,NA,NA,NA,NA,NA,5,NA,"Emily, Lilly","6/30/2025","",677
"1035","J5","CATO",NA,NA,NA,NA,NA,NA,NA,1,NA,"Emily, Lilly","6/30/2025","",671
"1036","J5","CECA4",NA,NA,NA,NA,NA,NA,NA,2,NA,"Emily, Lilly","6/30/2025","",676
"1037","J5","LIST2",NA,NA,NA,NA,NA,NA,NA,5,NA,"Emily, Lilly","6/30/2025","",675
"1038","J5","QUVE",NA,NA,NA,NA,NA,NA,NA,1,NA,"Emily, Lilly","6/30/2025","",672
"1039","J6","CAAM2",NA,NA,NA,NA,NA,NA,NA,7,2,"Emily, Lilly","6/30/2025","",679
"1040","J6","CECA4",NA,NA,NA,NA,NA,NA,NA,4,3,"Emily, Lilly","6/30/2025","",678
"1041","J6","DIVI5",NA,NA,NA,NA,NA,NA,NA,0,1,"Emily, Lilly","6/30/2025","",682
"1042","J6","LIST2",NA,NA,NA,NA,NA,NA,NA,NA,NA,"Emily, Lilly","6/30/2025","",683
"1043","J7","CAAM2",NA,NA,NA,NA,NA,NA,NA,2,NA,"Lucy,Tegan","6/30/2025","",689
"1044","J7","CATO",NA,NA,NA,NA,NA,NA,NA,2,NA,"Lucy,Tegan","6/30/2025","",687
"1045","J7","CECA4",NA,NA,NA,NA,NA,NA,NA,3,NA,"Lucy,Tegan","6/30/2025","",686
"1046","J7","OSVI",NA,NA,NA,NA,NA,NA,NA,1,NA,"Lucy,Tegan","6/30/2025","",688
"1047","J7","QUVE",NA,NA,NA,NA,NA,NA,NA,0,NA,"Lucy,Tegan","6/30/2025","",685
"1048","J8","CAAM2",NA,NA,NA,NA,NA,NA,NA,1,NA,"Lucy,Tegan","6/30/2025","",695
"1049","J8","CECA4",NA,NA,NA,NA,NA,NA,NA,1,NA,"Lucy,Tegan","6/30/2025","",693
"1050","J8","DIVI5",NA,NA,NA,NA,NA,NA,NA,0,1,"Lucy,Tegan","6/30/2025","",696
"1051","J8","QUVE",NA,NA,NA,NA,NA,NA,NA,1,NA,"Lucy,Tegan","6/30/2025","",694
"1052","J9","AEPA",NA,NA,NA,NA,NA,NA,NA,1,NA,"Lucy,Tegan","6/30/2025","",704
"1053","J9","CATO",NA,NA,NA,NA,NA,NA,NA,2,NA,"Lucy,Tegan","6/30/2025","",699
"1054","J9","CECA4",NA,NA,NA,NA,NA,NA,NA,14,NA,"Lucy,Tegan","6/30/2025","",700
"1055","J9","DIVI5",NA,NA,NA,NA,NA,NA,NA,8,NA,"Lucy,Tegan","6/30/2025","",698
"1056","J9","HATE3",NA,NA,NA,NA,NA,NA,NA,2,NA,"Lucy,Tegan","6/30/2025","",705
"1057","J9","RHCA",NA,NA,NA,NA,NA,NA,NA,1,NA,"Lucy,Tegan","6/30/2025","",702
"1058","J9","TIAM",NA,NA,NA,NA,NA,NA,NA,2,NA,"Lucy,Tegan","6/30/2025","",703
"1059","J9","VAAR",NA,NA,NA,NA,NA,NA,NA,1,NA,"Lucy,Tegan","6/30/2025","",701
